-- MySQL dump 10.13  Distrib 8.0.38, for Win64 (x86_64)
--
-- Host: localhost    Database: home_elderly_care_db
-- ------------------------------------------------------
-- Server version	8.0.39

/*!40101 SET @OLD_CHARACTER_SET_CLIENT=@@CHARACTER_SET_CLIENT */;
/*!40101 SET @OLD_CHARACTER_SET_RESULTS=@@CHARACTER_SET_RESULTS */;
/*!40101 SET @OLD_COLLATION_CONNECTION=@@COLLATION_CONNECTION */;
/*!50503 SET NAMES utf8 */;
/*!40103 SET @OLD_TIME_ZONE=@@TIME_ZONE */;
/*!40103 SET TIME_ZONE='+00:00' */;
/*!40014 SET @OLD_UNIQUE_CHECKS=@@UNIQUE_CHECKS, UNIQUE_CHECKS=0 */;
/*!40014 SET @OLD_FOREIGN_KEY_CHECKS=@@FOREIGN_KEY_CHECKS, FOREIGN_KEY_CHECKS=0 */;
/*!40101 SET @OLD_SQL_MODE=@@SQL_MODE, SQL_MODE='NO_AUTO_VALUE_ON_ZERO' */;
/*!40111 SET @OLD_SQL_NOTES=@@SQL_NOTES, SQL_NOTES=0 */;

--
-- Table structure for table `ai_consultation_history`
--

DROP TABLE IF EXISTS `ai_consultation_history`;
/*!40101 SET @saved_cs_client     = @@character_set_client */;
/*!50503 SET character_set_client = utf8mb4 */;
CREATE TABLE `ai_consultation_history` (
  `ai_consultation_id` int NOT NULL AUTO_INCREMENT,
  `user_id` int NOT NULL,
  `question` text NOT NULL,
  `answer` text NOT NULL,
  `created_at` timestamp NULL DEFAULT CURRENT_TIMESTAMP,
  PRIMARY KEY (`ai_consultation_id`),
  KEY `user_id` (`user_id`),
  CONSTRAINT `ai_consultation_history_ibfk_1` FOREIGN KEY (`user_id`) REFERENCES `users` (`id`) ON DELETE CASCADE
) ENGINE=InnoDB AUTO_INCREMENT=105 DEFAULT CHARSET=utf8mb4 COLLATE=utf8mb4_0900_ai_ci;
/*!40101 SET character_set_client = @saved_cs_client */;

--
-- Dumping data for table `ai_consultation_history`
--

LOCK TABLES `ai_consultation_history` WRITE;
/*!40000 ALTER TABLE `ai_consultation_history` DISABLE KEYS */;
INSERT INTO `ai_consultation_history` VALUES (1,8,'我感觉有点头晕，是怎么回事？','头晕是一种常见的症状，可能由多种原因引起，包括但不限于：\n\n1. **脱水**：长时间不喝水或大量出汗后可能会导致脱水，从而引起头晕。\n2. **低血糖**：长时间不进食或血糖水平下降可能会导致头晕。\n3. **贫血**：血液中红细胞或血红蛋白含量不足，导致氧气输送不足，可能会引起头晕。\n4. **耳内平衡系统问题**：如内耳感染或美尼尔氏症等，可能会影响平衡感，导致头晕。\n5. **血压问题**：高血压或低血压都可能导致头晕。\n6. **药物副作用**：某些药物可能会导致头晕作为副作用。\n7. **过度疲劳或睡眠不足**：长时间工作或缺乏睡眠可能会导致头晕。\n8. **精神压力**：长期的精神压力或焦虑也可能导致头晕。\n9. **感染或发热**：身体感染或发热时，可能会感到头晕。\n10. **心脏问题**：某些心脏问题，如心律失常，也可能导致头晕。\n\n如果你的头晕是突然发生的，或者伴有其他严重症状（如胸痛、呼吸困难、意识模糊等），应立即寻求医疗帮助。如果头晕是轻微的，并且没有其他严重症状，可以尝试休息、补充水分和营养、调整姿势等方法来缓解。如果头晕持续不缓解或者频繁发生，建议咨询医生以确定具体原因并得到适当的治疗。','2025-04-22 08:41:23'),(2,8,'hello','Hello! How can I assist you today? If you have any questions or need help with something, feel free to ask.','2025-04-22 09:27:43'),(3,8,'hello\n','Hello again! What brings you here? Is there anything specific you\'d like to discuss or learn about? I\'m here to help.','2025-04-22 09:30:29'),(4,8,'我有点头痛，怎么办\n','头痛是一种常见的不适，可以由多种原因引起。以下是一些基本的缓解措施：\n\n1. **休息**：找一个安静、光线柔和的地方躺下休息，减少外界刺激。\n2. **喝水**：确保充分补水，脱水有时会导致或加剧头痛。\n3. **冷敷或热敷**：根据个人喜好，在前额或颈部使用冷敷或热敷。\n4. **避免咖啡因**：如果你经常摄入咖啡因，突然停止可能会导致头痛，适量摄入可能有助于缓解。\n5. **药物**：对于轻微的头痛，可以考虑使用非处方止痛药，如对乙酰氨基酚、布洛芬或阿司匹林。请按照说明书使用，并注意不要超过推荐剂量。\n6. **放松技巧**：尝试深呼吸、冥想或渐进性肌肉放松等放松技巧。\n7. **规律饮食**：避免长时间空腹，这可能会导致血糖水平下降，引发头痛。\n\n如果头痛伴有以下症状，应立即就医：\n- 头痛突然且剧烈\n- 伴有发热、颈部僵硬或意识模糊\n- 伴有视觉或语言障碍\n- 伴有严重的恶心或呕吐\n- 首次发作的严重头痛\n- 头痛在体力活动后加剧\n- 持续的头痛，尤其是逐渐加重的\n\n如果头痛频繁发生或影响到你的日常生活，建议咨询医生以确定头痛的具体原因，并得到适当的治疗建议。','2025-04-22 09:30:52'),(5,8,'我有点肚子痛\n','肚子痛可能由多种原因引起，轻微的腹痛可能是由于消化不良、饮食不当、肌肉拉伤或轻微的食物中毒等引起的。以下是一些基本的缓解措施：\n\n1. **休息**：给身体一些时间来恢复。\n2. **饮食调整**：避免油腻、辛辣或难以消化的食物，尝试吃一些容易消化的食物，如白粥、面条等。\n3. **保持水分**：确保充分补水，脱水可能加剧腹痛。\n4. **热敷**：在腹部使用热水袋或暖宝宝，有助于缓解痉挛和疼痛。\n5. **避免咖啡因和酒精**：这些可能刺激胃黏膜，加剧腹痛。\n6. **非处方药物**：对于轻微的腹痛，可以考虑使用非处方的抗痉挛药物，如布洛芬等。请按照说明书使用，并注意不要超过推荐剂量。\n\n如果腹痛伴有以下症状，应立即就医：\n- 剧烈或持续的腹痛\n- 伴有发热、呕吐、腹泻或血便\n- 腹痛突然发作，尤其是如果伴有出汗、面色苍白或意识模糊\n- 腹痛伴有腹部膨胀或肠鸣音消失\n- 腹痛在体力活动后加剧\n- 女性腹痛伴有不规律的月经或阴道出血\n\n如果腹痛是新出现的，或者持续不缓解，或者影响到你的日常生活，建议咨询医生以确定腹痛的具体原因，并得到适当的治疗建议。','2025-04-22 09:31:20'),(6,8,'肩膀有点酸，怎么办\n','肩膀酸痛可能是由于多种原因引起的，比如长时间保持同一姿势、肌肉紧张、劳损或轻微的肌肉拉伤。以下是一些缓解肩膀酸痛的建议：\n\n1. **休息**：给肩膀一些休息时间，避免过度使用。\n2. **热敷**：使用热水袋或热毛巾敷在酸痛的肩膀上，可以帮助放松肌肉。\n3. **冷敷**：如果肩膀有炎症或肿胀，可以先用冰袋冷敷以减轻炎症。\n4. **轻柔按摩**：轻柔地按摩酸痛区域，可以帮助缓解肌肉紧张。\n5. **伸展运动**：进行一些温和的肩膀伸展运动，以增加血液循环和灵活性。\n6. **调整姿势**：如果你长时间坐在电脑前工作，确保你的坐姿正确，屏幕和键盘位置适当，以减少肩膀的压力。\n7. **适度运动**：进行一些适度的全身运动，如散步或游泳，可以帮助缓解肌肉紧张。\n8. **非处方药物**：如果疼痛较为明显，可以考虑使用非处方的止痛药，如布洛芬或对乙酰氨基酚。请按照说明书使用，并注意不要超过推荐剂量。\n\n如果肩膀酸痛伴有以下症状，应立即就医：\n- 肩膀疼痛突然加剧，尤其是如果伴有发热或肿胀\n- 肩膀活动受限，无法正常移动\n- 疼痛持续不缓解，影响日常生活\n- 伴有神经症状，如手臂麻木或刺痛\n\n如果肩膀酸痛持续存在或影响到你的日常生活，建议咨询医生或物理治疗师以确定具体原因，并得到适当的治疗建议。','2025-04-22 09:46:27'),(7,8,'我头痛，特别痛怎么办\n','如果你的头痛特别严重，这可能是一个需要立即关注的问题。以下是一些紧急情况下的应对措施：\n\n1. **立即休息**：找一个安静、光线柔和的地方躺下休息，减少外界刺激。\n\n2. **紧急医疗援助**：如果头痛是突然且剧烈的，尤其是如果这是你第一次经历这样的头痛，或者伴有以下症状，应立即寻求紧急医疗援助：\n   - 意识模糊或意识水平下降\n   - 颈部僵硬\n   - 持续呕吐\n   - 视觉或语言障碍\n   - 肢体无力或麻木\n   - 头痛在体力活动后加剧\n\n3. **避免自我用药**：在没有医生指导的情况下，不要随意使用止痛药，因为某些药物可能会加重症状或掩盖病情。\n\n4. **记录症状**：如果可能，记录下头痛的详细情况，包括头痛的性质、位置、持续时间、伴随症状等，这些信息对医生诊断和治疗非常重要。\n\n5. **遵循医嘱**：如果你之前有头痛史，并且医生已经给予了特定的治疗建议，请按照医嘱进行。\n\n请记住，任何突然严重或异常的头痛都可能是严重健康问题的标志，不应该被忽视。在这种情况下，最安全和最明智的做法是尽快就医。','2025-04-22 10:01:43'),(8,8,'你好\n','你好！有什么可以帮助你的吗？如果你有任何问题或者需要信息，随时告诉我。','2025-04-30 07:58:06'),(9,8,'你好\n','你好！今天过得怎么样？有什么我可以帮助你的吗？无论是日常问题还是需要一些信息，我都在这里为你服务。','2025-04-30 08:00:14'),(10,8,'hello\n','Hello! How\'s your day going? Is there anything specific you\'d like to talk about or any questions you have? I\'m here to help.','2025-04-30 08:27:04'),(11,8,'你好\n','你好！很高兴和你交流。有什么可以帮你的吗？无论是聊天、获取信息还是解决问题，我都乐意为你服务。让我们一起愉快地对话吧！','2025-05-06 15:22:02'),(12,8,'你是谁\n','你好，我是Kimi，一个由Moonshot AI提供的人工智能助手。我擅长中英文对话，可以帮助你解答问题、提供信息和进行有趣的交流。如果你有任何问题或需要帮助，随时可以告诉我。','2025-05-06 15:22:16'),(13,8,'What should I do if I have stomach pain now?','If you\'re experiencing stomach pain right now, here are some steps you can take to manage the discomfort:\n\n1. **Assess the Pain**: Determine if the pain is mild, moderate, or severe. If it\'s severe or accompanied by other concerning symptoms, seek medical attention immediately.\n\n2. **Rest**: Lie down and try to relax. Sometimes, stomach pain can be due to muscle strain or tension, and resting can help.\n\n3. **Hydration**: Ensure you\'re well-hydrated, as dehydration can sometimes cause stomach pain.\n\n4. **Dietary Adjustments**: If your stomach pain is related to food, consider what you\'ve eaten recently. Avoiding spicy, fatty, or gas-producing foods might help.\n\n5. **Over-the-Counter Medication**: For mild to moderate pain, over-the-counter pain relievers like acetaminophen or ibuprofen can provide relief. Always follow the instructions on the label and consult with a healthcare provider if you\'re unsure.\n\n6. **Gas Relief**: If you suspect gas or bloating, over-the-counter simethicone products can help.\n\n7. **Warm or Cold Compress**: Apply a warm or cold compress to your abdomen, depending on what feels more comfortable.\n\n8. **Avoid Caffeine and Alcohol**: These can irritate the stomach lining and exacerbate pain.\n\n9. **Monitor Your Symptoms**: Keep track of any changes in your pain or the appearance of new symptoms.\n\n10. **Seek Medical Help**: If your stomach pain is severe, persistent, or accompanied by symptoms like fever, chills, vomiting, diarrhea, black or bloody stools, or signs of dehydration (like dark urine or dry mouth), seek medical attention immediately.\n\nRemember, it\'s important to listen to your body. If your stomach pain is causing you significant distress or worry, or if it\'s not improving with home care, don\'t hesitate to reach out to a healthcare professional.','2025-05-07 15:03:13'),(14,8,'nihao\n','你好！有什么可以帮你的吗？','2025-05-08 07:46:24'),(15,8,'你好\n','你好！很高兴和你交流。有什么可以帮你的吗？无论是聊天、获取信息还是解决问题，我都乐意为你服务。让我们一起愉快地对话吧！','2025-05-08 07:47:38'),(16,8,'nihao\n','你好！有什么可以帮你的吗？','2025-05-08 07:49:06'),(17,8,'你好\n','你好！有什么可以帮你的吗？','2025-05-08 07:50:44'),(18,8,'你是谁\n','你好，我是Kimi，一个由Moonshot AI提供的人工智能助手。我擅长中英文对话，可以帮助你解答问题、提供信息和进行有趣的交流。如果你有任何问题，随时可以问我。','2025-05-08 07:50:50'),(19,8,'I have tomatoes and eggs, what can I cook?','Tomatoes and eggs are a versatile combination that can be used in a variety of dishes. Here are a few simple recipes you can try:\n\n1. **Scrambled Eggs with Tomatoes**:\n   - Beat the eggs with a little salt and pepper.\n   - Sauté the tomatoes in a pan with some oil until they\'re soft.\n   - Pour the beaten eggs into the pan with the tomatoes and scramble until the eggs are cooked.\n\n2. **Tomato and Egg Stir-fry**:\n   - Stir-fry tomatoes with some garlic and onions.\n   - Push the tomatoes to one side of the pan, pour beaten eggs on the other side.\n   - Once the eggs start to set, mix them with the tomatoes and season with salt and pepper.\n\n3. **Tomato and Egg Drop Soup**:\n   - Heat broth in a pot and add chopped tomatoes.\n   - Slowly pour beaten eggs into the simmering broth while stirring to create egg ribbons.\n   - Season with salt, pepper, and any other desired seasonings.\n\n4. **Shakshuka (Spicy Tomato and Egg Dish)**:\n   - Sauté onions, garlic, and bell peppers in olive oil.\n   - Add canned tomatoes, tomato paste, and spices (like cumin, paprika, and chili flakes) to the pan.\n   - Make small wells in the tomato mixture and crack an egg into each well.\n   - Cover the pan and cook until the eggs are set to your liking.\n\n5. **Tomato and Egg Fried Rice**:\n   - Stir-fry cooked rice with diced tomatoes, scrambled eggs, and your choice of vegetables.\n   - Season with soy sauce, salt, and pepper.\n\n6. **Tomato and Egg Omelette**:\n   - Beat eggs with a little milk, salt, and pepper.\n   - Sauté chopped tomatoes in a pan.\n   - Pour the egg mixture over the tomatoes and cook until set, then fold in half and serve.\n\nRemember to adjust the recipes to your taste preferences and dietary needs. Enjoy your cooking!','2025-05-08 08:07:51'),(20,8,'hello\n','Hello! I\'m here and ready to assist you with any questions or topics you\'d like to discuss. What\'s on your mind today?','2025-05-10 06:55:36'),(21,8,'你好\n','你好！有什么可以帮你的吗？','2025-05-10 06:55:57'),(22,8,'我肚子疼怎么办\n','肚子疼可能是由多种原因引起的，处理方法也因原因不同而有所差异。以下是一些基本的应对措施：\n\n1. **休息**：给身体一些时间来恢复。\n2. **饮食调整**：避免油腻、辛辣或难以消化的食物，尝试吃一些容易消化的食物，如白粥、面条等。\n3. **保持水分**：确保充分补水，脱水可能加剧腹痛。\n4. **热敷**：在腹部使用热水袋或暖宝宝，有助于缓解痉挛和疼痛。\n5. **避免咖啡因和酒精**：这些可能刺激胃黏膜，加剧腹痛。\n6. **非处方药物**：对于轻微的腹痛，可以考虑使用非处方的抗痉挛药物，如布洛芬等。请按照说明书使用，并注意不要超过推荐剂量。\n\n如果腹痛伴有以下症状，应立即就医：\n- 剧烈或持续的腹痛\n- 伴有发热、呕吐、腹泻或血便\n- 腹痛突然发作，尤其是如果伴有出汗、面色苍白或意识模糊\n- 腹痛伴有腹部膨胀或肠鸣音消失\n- 腹痛在体力活动后加剧\n- 持续的腹痛，尤其是逐渐加重的\n\n如果腹痛是新出现的，或者持续不缓解，或者影响到你的日常生活，建议咨询医生以确定腹痛的具体原因，并得到适当的治疗建议。','2025-05-10 06:56:44'),(23,8,'你好\n','你好！很高兴再次和你交流。有什么可以帮你的吗？无论是聊天、获取信息还是解决问题，我都乐意为你服务。让我们一起愉快地对话吧！','2025-05-10 06:59:03'),(24,8,'你好\n','你好！有什么可以帮你的吗？','2025-05-10 07:01:30'),(25,8,'给我讲个故事\n','当然可以。让我给你讲一个关于智慧和勇气的小故事。\n\n很久以前，在一个遥远的国度里，有一个被群山环绕的小村庄。这个村庄的居民们过着平静而幸福的生活，直到有一天，一条巨龙飞到了村庄附近，并在附近的山顶上筑巢。巨龙并不伤害村民，但它的存在让村民们感到害怕，他们不敢再上山采集草药和食物。\n\n村里有一个年轻的男孩，名叫杰克。杰克是个聪明勇敢的孩子，他决定要找到一种方法来保护他的村庄。他开始研究古老的书籍，寻找能够驱赶巨龙的魔法。经过数日的努力，杰克发现了一个秘密：巨龙害怕自己的影子。\n\n于是，杰克制定了一个计划。他告诉村民们在巨龙飞出巢穴的时候，一起点燃火把，制造出巨大的影子。村民们虽然半信半疑，但还是决定跟随杰克的计划。\n\n到了行动的那天，巨龙像往常一样飞出巢穴，村民们立刻点燃了火把。火光映照在山壁上，形成了一个巨大的影子。巨龙看到自己的影子，感到非常害怕，它尖叫着飞走了，再也没有回来。\n\n杰克用他的智慧和勇气拯救了村庄，他的故事也成为了传说，激励着后来的人们面对困难时，不仅要有勇气，还要有智慧。\n\n故事告诉我们，即使面对看似不可能的挑战，智慧和勇气也能帮我们找到解决问题的方法。希望你喜欢这个故事！','2025-05-10 07:02:02'),(26,8,'你好\n','你好！很高兴和你聊天。有什么可以帮你的吗？','2025-05-10 07:03:58'),(27,8,'你好\n','你好！有什么可以帮你的吗？','2025-05-10 07:05:37'),(28,8,'hello\n','Hello! It\'s great to see you again. What can I assist you with today? Whether it\'s information, a conversation, or help with something specific, feel free to let me know!','2025-05-10 07:07:14'),(29,8,'你是谁\n','你好，我是Kimi，一个由Moonshot AI提供的人工智能助手。我擅长中英文对话，可以帮助你解答问题、提供信息和进行有趣的交流。如果你有任何问题，随时可以问我。','2025-05-10 07:08:06'),(30,8,'你好\n','你好！有什么可以帮你的吗？','2025-05-10 07:11:06'),(31,8,'你是谁','你好，我是Kimi，一个由Moonshot AI提供的人工智能助手。我擅长中英文对话，可以帮助你解答问题、提供信息和进行有趣的交流。如果你有任何疑问或需要帮助，随时可以告诉我。','2025-05-10 07:11:16'),(32,8,'你好\n','你好！很高兴和你聊天。有什么可以帮你的吗？','2025-05-10 07:12:36'),(33,8,'你是谁\n','你好，我是Kimi，一个由Moonshot AI提供的人工智能助手。我擅长中英文对话，可以帮助你解答问题、提供信息和进行有趣的交流。如果你有任何问题，随时可以问我。现在，有什么可以帮你的吗？','2025-05-10 07:12:49'),(34,8,'你是谁\n','你好，我是Kimi，一个由Moonshot AI提供的人工智能助手。我擅长中英文对话，可以帮助你解答问题、提供信息和进行有趣的交流。如果你有任何问题或者需要帮助，随时可以告诉我。','2025-05-10 07:13:59'),(35,8,'hello\n','Hello! I\'m here and ready to assist you. What can I do for you today?','2025-05-10 07:14:38'),(36,8,'where are you from\n','I\'m an AI assistant, so I don\'t have a physical location or a place of origin like humans do. I exist in the digital realm, created by a team of developers to assist and communicate with users like you from all around the world. How about you? Where are you from?','2025-05-10 07:14:56'),(37,8,'can you teach me english\n','Absolutely, I\'d be happy to help you with English! Whether you\'re looking to improve your grammar, vocabulary, pronunciation, or any other aspect of the language, I can provide guidance and exercises. Here are a few ways we can get started:\n\n1. **Vocabulary Building**: I can introduce you to new words and their meanings, and we can practice using them in sentences.\n\n2. **Grammar Lessons**: We can go over different grammar rules, and I can provide examples and exercises to help you understand and apply them.\n\n3. **Conversation Practice**: Engaging in conversation is a great way to practice your speaking and listening skills. We can have a dialogue, and I can correct any mistakes you make.\n\n4. **Reading Comprehension**: I can provide you with texts to read and then ask you questions about the content to check your understanding.\n\n5. **Pronunciation Exercises**: We can work on specific sounds or words that you find challenging to pronounce correctly.\n\n6. **Writing Skills**: I can help you with writing emails, essays, or any other type of text, providing feedback on your grammar, style, and structure.\n\nWhat aspect of English learning are you most interested in right now? Or do you have a specific question or topic you\'d like to start with?','2025-05-10 07:15:29'),(38,8,'你好\n','你好！有什么可以帮你的吗？','2025-05-10 07:16:10'),(39,8,'nihao \n','你好！有什么可以帮你的吗？','2025-05-10 07:18:02'),(40,8,'你是谁\n','你好，我是Kimi，一个由Moonshot AI提供的人工智能助手。我擅长中英文对话，可以帮助你解答问题、提供信息和进行有趣的交流。如果你有任何问题，随时可以问我。现在，有什么可以帮你的吗？','2025-05-10 07:18:20'),(41,8,'你好\n','你好！有什么可以帮你的吗？','2025-05-10 07:26:55'),(42,8,'你好\n','你好！很高兴和你聊天。有什么可以帮你的吗？','2025-05-10 07:27:03'),(43,8,'你是谁\n','你好，我是Kimi，一个由Moonshot AI提供的人工智能助手。我擅长中英文对话，可以帮助你解答问题、提供信息和进行有趣的交流。如果你有任何问题，随时可以问我。现在，有什么可以帮你的吗？','2025-05-10 07:27:15'),(44,8,'hello\n','Hello! I\'m here and ready to assist you with any questions or topics you\'d like to discuss. What\'s on your mind today?','2025-05-10 07:27:38'),(45,8,'你好\n','你好！很高兴和你聊天。有什么可以帮你的吗？','2025-05-10 07:28:06'),(46,8,'你是谁\n','你好，我是Kimi，一个由Moonshot AI提供的人工智能助手。我擅长中英文对话，可以帮助你解答问题、提供信息和进行有趣的交流。如果你有任何问题，随时可以问我。现在，有什么可以帮你的吗？','2025-05-10 07:28:20'),(47,8,'你好\n','你好！很高兴和你交流。有什么可以帮你的吗？无论是聊天、获取信息还是解决问题，我都乐意为你服务。让我们一起愉快地对话吧！','2025-05-10 07:28:29'),(48,8,'你好\n','你好！很高兴和你聊天。有什么可以帮你的吗？','2025-05-10 07:29:06'),(49,8,'你是谁\n','你好，我是Kimi，一个由Moonshot AI提供的人工智能助手。我擅长中英文对话，可以帮助你解答问题、提供信息和进行有趣的交流。如果你有任何问题，随时可以问我。现在，有什么可以帮你的吗？','2025-05-10 07:29:20'),(50,8,'你好\n','你好！很高兴和你聊天。有什么可以帮你的吗？','2025-05-10 07:29:31'),(51,8,'nihao\n','你好！有什么可以帮你的吗？','2025-05-10 07:29:59'),(52,8,'hello\n','Hello! I\'m here and ready to assist you. What can I do for you today?','2025-05-10 07:34:18'),(53,8,'我是张恒业','你好，张恒业！很高兴认识你。有什么可以帮你的吗？无论是工作、学习还是生活中的任何问题，只要告诉我，我会尽我所能为你提供帮助。','2025-05-10 07:40:39'),(54,8,'你好我叫张恒毅我今天有点儿头痛怎么办呀','你好张恒毅，头痛确实会让人感到不舒服。这里有一些建议可以帮助缓解轻微的头痛：\n\n1. **休息**：找一个安静、光线柔和的地方躺下休息，减少外界刺激。\n2. **喝水**：确保充分补水，脱水有时会导致或加剧头痛。\n3. **冷敷或热敷**：根据个人喜好，在前额或颈部使用冷敷或热敷。\n4. **避免咖啡因**：如果你经常摄入咖啡因，突然停止可能会导致头痛，适量摄入可能有助于缓解。\n5. **药物**：对于轻微的头痛，可以考虑使用非处方止痛药，如对乙酰氨基酚、布洛芬或阿司匹林。请按照说明书使用，并注意不要超过推荐剂量。\n6. **放松技巧**：尝试深呼吸、冥想或渐进性肌肉放松等放松技巧。\n7. **规律饮食**：避免长时间空腹，这可能会导致血糖水平下降，引发头痛。\n\n如果头痛伴有以下症状，应立即就医：\n- 头痛突然且剧烈\n- 伴有发热、颈部僵硬或意识模糊\n- 伴有视觉或语言障碍\n- 伴有严重的恶心或呕吐\n- 首次发作的严重头痛\n- 头痛在体力活动后加剧\n- 持续的头痛，尤其是逐渐加重的\n\n如果头痛是轻微的，并且没有其他严重症状，可以尝试上述方法来缓解。如果头痛持续不缓解或者频繁发生，建议咨询医生以确定具体原因并得到适当的治疗建议。希望这些建议能帮助你缓解头痛，祝你早日康复！','2025-05-10 07:42:01'),(55,8,'你好','你好！很高兴和你聊天。有什么可以帮你的吗？','2025-05-10 07:42:15'),(56,8,'你好\n','你好！很高兴和你聊天。有什么可以帮你的吗？','2025-05-10 07:45:42'),(57,8,'你好我是张恒毅我有点儿头疼怎么办呀','你好张恒毅，头疼确实会让人感到不舒服。这里有一些建议可以帮助缓解轻微的头疼：\n\n1. **休息**：找一个安静、光线柔和的地方躺下休息，减少外界刺激。\n2. **喝水**：确保充分补水，脱水有时会导致或加剧头疼。\n3. **冷敷或热敷**：根据个人喜好，在前额或颈部使用冷敷或热敷。\n4. **避免咖啡因**：如果你经常摄入咖啡因，突然停止可能会导致头疼，适量摄入可能有助于缓解。\n5. **药物**：对于轻微的头疼，可以考虑使用非处方止痛药，如对乙酰氨基酚、布洛芬或阿司匹林。请按照说明书使用，并注意不要超过推荐剂量。\n6. **放松技巧**：尝试深呼吸、冥想或渐进性肌肉放松等放松技巧。\n7. **规律饮食**：避免长时间空腹，这可能会导致血糖水平下降，引发头疼。\n\n如果头疼伴有以下症状，应立即就医：\n- 头疼突然且剧烈\n- 伴有发热、颈部僵硬或意识模糊\n- 伴有视觉或语言障碍\n- 伴有严重的恶心或呕吐\n- 首次发作的严重头疼\n- 头疼在体力活动后加剧\n- 持续的头疼，尤其是逐渐加重的\n\n如果头疼是轻微的，并且没有其他严重症状，可以尝试上述方法来缓解。如果头疼持续不缓解或者频繁发生，建议咨询医生以确定具体原因并得到适当的治疗。希望这些建议能帮助你缓解头疼，如果还有其他问题，随时告诉我。','2025-05-10 07:46:02'),(58,8,'你好我是老黄','你好，老黄！很高兴认识你。有什么可以帮你的吗？我们可以聊聊天，或者如果你有任何问题，随时告诉我。','2025-05-10 07:46:30'),(59,8,'你好我是老王','你好，老王！很高兴见到你。有什么可以帮你的吗？我们可以聊聊天，或者如果你有任何问题，随时告诉我。','2025-05-10 07:48:59'),(60,8,'我头疼是什么病啊','头痛是一种常见的症状，而不是一种疾病。它可以由多种原因引起，包括但不限于：\n\n1. **紧张性头痛**：通常是由于压力、疲劳或肌肉紧张引起的。\n2. **偏头痛**：一种常见的慢性头痛，通常伴有恶心、呕吐和对光、声音敏感。\n3. **群发性头痛**：一种罕见但非常剧烈的头痛，通常发生在眼周。\n4. **窦性头痛**：由鼻窦感染引起的头痛。\n5. **高血压头痛**：高血压可能导致头痛。\n6. **脱水**：长时间不喝水或大量出汗后可能会导致脱水，从而引起头痛。\n7. **咖啡因戒断**：突然停止摄入咖啡因可能会导致头痛。\n8. **眼部问题**：如视力问题或眼部疲劳。\n9. **感染**：如感冒、流感或脑膜炎等。\n10. **颅内压增高**：如脑肿瘤、脑出血等严重情况。\n\n如果你的头痛是突然的、剧烈的，或者伴有其他严重症状（如发热、颈部僵硬、意识模糊等），应立即就医。如果头痛是轻微的，并且没有其他严重症状，可以尝试休息、补充水分和营养、调整姿势等方法来缓解。如果头痛持续不缓解或者频繁发生，建议咨询医生以确定具体原因并得到适当的治疗。','2025-05-10 07:49:29'),(61,8,'hello my name is La Hua','Hello La Hua! It\'s great to meet you. How are you doing today? If you have any questions or need assistance with anything, feel free to let me know. I\'m here to help.','2025-05-10 07:51:25'),(62,8,'我是张行业','你好，张行业！很高兴认识你。有什么可以帮你的吗？无论是工作、学习还是生活中的任何问题，只要告诉我，我会尽我所能为你提供帮助。','2025-05-10 07:51:34'),(63,8,'I want to go to the toilet','If you need to use the restroom, it\'s best to find one nearby and take care of your needs. If you\'re in a public place, you can look for signs indicating restrooms or ask someone for directions. Remember to wash your hands thoroughly after using the restroom to maintain good hygiene. If you have any other questions or need assistance with something else, feel free to ask!','2025-05-10 07:51:50'),(64,8,'靠男娃娃','您好，看起来您可能是在谈论一个话题或者分享一个想法。如果您有任何具体的问题或者需要帮助的地方，请随时告诉我，我会尽力为您提供帮助。','2025-05-10 07:52:09'),(65,8,'call 911','I\'m an AI and I can\'t make phone calls, but it sounds like you might be in an emergency situation. If you\'re in immediate danger or need urgent assistance, please call your local emergency number right away. If you\'re in the United States, that\'s 911. Remember, it\'s important to call emergency services when you need help with things like medical emergencies, crimes in progress, or life-threatening situations. Stay safe!','2025-05-10 07:52:17'),(66,8,'no problem','Great to hear that! If you ever have any questions or need assistance with anything, just let me know. I\'m here to help whenever you need it. Have a great day!','2025-05-10 07:53:47'),(67,8,'卧室，我是张恒一。','你好，张恒一。很高兴认识你！有什么可以帮你的吗？无论是生活上的小事，还是需要一些信息，都可以告诉我。','2025-05-10 08:17:30'),(68,8,'我叫老黄，我有点问题要问你应该怎么说呢？','你好老黄，很高兴认识你！有什么问题你可以直接告诉我，我会尽力帮你解答。无论是生活上的小事，还是需要查询的信息，都可以问我。咱们就像朋友聊天一样，你随意说，我认真听。别客气，有啥就说啥。','2025-05-10 08:17:43'),(69,8,'我需要你。','我在这里，随时准备帮助你。请告诉我你需要什么帮助，无论是解答问题、提供信息还是进行讨论，我都会尽我所能为你提供支持。','2025-05-10 08:18:02'),(70,8,'你是谁呀？','你好，我是Kimi，一个由Moonshot AI提供的人工智能助手。我擅长中英文对话，可以帮助你解答问题和提供信息。如果你有任何疑问或需要帮助，随时可以告诉我。','2025-05-10 08:18:40'),(71,8,'你是谁啊？','你好，我是Kimi，一个由Moonshot AI提供的人工智能助手。我擅长中英文对话，可以帮助你解答问题和提供信息。如果你有任何疑问或需要帮助，随时可以告诉我。','2025-05-10 08:19:07'),(72,8,'我说两句越南语吧。','当然可以，越南语是一种非常有趣的语言。请随意说两句，如果你需要帮助理解或者学习越南语，我也可以尽力协助你。','2025-05-10 08:20:22'),(73,8,'nih\n','It looks like you might have typed \"nih\" by mistake. If you have any questions or need assistance with something, feel free to let me know! I\'m here to help with a wide range of topics.','2025-05-10 08:20:34'),(74,8,'你好。','你好！有什么可以帮你的吗？如果你有任何问题或者需要帮助，请随时告诉我。','2025-05-10 08:27:19'),(75,8,'你好，这是元。','你好，元！很高兴见到你。有什么可以帮你的吗？','2025-05-10 08:27:37'),(76,8,'直接说吧，我肚子疼。','肚子疼可能是由多种原因引起的，从轻微的消化不良到更严重的病症都有可能。如果你的腹痛是轻微的，可以尝试以下一些基本的自我护理措施：\n\n1. **休息**：给身体一些时间来恢复。\n2. **饮食调整**：避免油腻、辛辣或难以消化的食物，尝试吃一些容易消化的食物，如白粥、面条等。\n3. **保持水分**：确保充分补水，脱水可能加剧腹痛。\n4. **热敷**：在腹部使用热水袋或暖宝宝，有助于缓解痉挛和疼痛。\n5. **避免咖啡因和酒精**：这些可能刺激胃黏膜，加剧腹痛。\n6. **非处方药物**：对于轻微的腹痛，可以考虑使用非处方的抗痉挛药物，如布洛芬等。请按照说明书使用，并注意不要超过推荐剂量。\n\n如果腹痛伴有以下症状，应立即就医：\n- 剧烈或持续的腹痛\n- 伴有发热、呕吐、腹泻或血便\n- 腹痛突然发作，尤其是如果伴有出汗、面色苍白或意识模糊\n- 腹痛伴有腹部膨胀或肠鸣音消失\n- 腹痛在体力活动后加剧\n- 持续的腹痛，尤其是逐渐加重的\n\n如果腹痛是新出现的，或者持续不缓解，或者影响到你的日常生活，建议咨询医生以确定腹痛的具体原因，并得到适当的治疗建议。','2025-05-10 08:27:57'),(77,8,'说话啊，我是彭梓栋。','你好，彭梓栋！很高兴认识你。有什么可以帮你的吗？无论是聊天还是需要解答问题，我都在这里。','2025-05-10 08:28:11'),(78,8,'hello\n','Hello! I\'m here and ready to assist you. What can I do for you today?','2025-05-15 08:12:01'),(79,8,'你可以用英文回答吗\n','Of course! How can I assist you today? If you have any questions or need information on a particular topic, feel free to ask.','2025-05-15 08:12:19'),(80,8,'你好\n','你好！很高兴和你交流。有什么可以帮你的吗？无论是聊天、获取信息还是解决问题，我都乐意为你服务。让我们一起愉快地对话吧！','2025-05-15 08:30:22'),(81,8,'你好\n','你好！很高兴再次和你交流。有什么可以帮你的吗？无论是聊天、获取信息还是解决问题，我都乐意为你服务。让我们一起愉快地对话吧！','2025-05-15 08:33:11'),(82,8,'我是老黄','你好，老黄！很高兴认识你。有什么特别的事情想要和我分享，或者有什么问题需要我帮忙解答吗？我们可以聊聊天，或者如果你需要查找信息、解决问题，随时告诉我。','2025-05-17 15:01:04'),(83,8,'我叫张汉子','你好，张汉子！很高兴认识你。有什么特别的事情想要和我分享，或者有什么问题需要我帮忙解答吗？','2025-05-17 15:01:44'),(84,8,'我，我是老黄。','你好，老黄！很高兴认识你。有什么可以帮你的吗？我们可以聊聊天，或者如果你有任何问题，随时告诉我。','2025-05-18 08:47:34'),(85,8,'你好\n','你好！有什么可以帮你的吗？','2025-05-18 11:14:07'),(86,8,'我，我叫老黄。','你好，老黄！很高兴认识你。如果有任何问题或者需要帮助的地方，随时告诉我。我们可以聊聊天，或者如果你需要查询信息、解决问题，我也很乐意协助。有什么特别的事情想要讨论吗？','2025-05-18 11:14:18'),(87,8,'我是浙江恒逸。','您好，浙江恒逸！看起来您可能是在提及一个公司或组织的名字。如果您需要关于“浙江恒逸”的具体信息或者帮助，请详细说明您的问题或需求，我会尽我所能为您提供帮助。如果“浙江恒逸”是您的公司或组织，并且您需要关于业务、市场信息等方面的咨询，也可以告诉我具体的情况。','2025-05-18 11:15:01'),(88,8,'你好\n','你好！很高兴再次和你交流。有什么可以帮你的吗？无论是聊天、获取信息还是解决问题，我都乐意为你服务。让我们一起愉快地对话吧！','2025-05-18 11:16:02'),(89,8,'我有鸡蛋，可以做什么饭\n','鸡蛋是一种非常多功能的食材，可以用于制作各种美味的菜肴。以下是一些用鸡蛋可以制作的简单又美味的饭食：\n\n1. **番茄炒蛋**：\n   - 将番茄切块，鸡蛋打散。\n   - 先炒鸡蛋至半熟，盛出备用。\n   - 炒番茄至软烂，加入炒好的鸡蛋，调味后翻炒均匀。\n\n2. **蛋炒饭**：\n   - 将剩饭与打散的鸡蛋混合均匀。\n   - 热锅凉油，倒入混合好的饭，快速翻炒。\n   - 加入葱花、火腿丁、胡萝卜丁等配料，调味后继续翻炒至饭粒松散。\n\n3. **鸡蛋羹**：\n   - 鸡蛋打散，加入等量的水，搅拌均匀。\n   - 过滤蛋液，去除泡沫。\n   - 将蛋液放入蒸锅中，小火蒸10-15分钟至凝固。\n\n4. **煎蛋**：\n   - 在平底锅中加入少量油，加热。\n   - 将鸡蛋打入锅中，小火慢煎至蛋白凝固，蛋黄半熟或全熟。\n\n5. **鸡蛋卷**：\n   - 鸡蛋打散，加入葱花、盐等调料。\n   - 在平底锅中倒入蛋液，摊成薄饼。\n   - 待蛋液凝固后，卷起蛋饼，切成小段。\n\n6. **鸡蛋汤**：\n   - 将蔬菜（如菠菜、西红柿等）切好，炒至半熟。\n   - 加水煮沸，倒入打散的鸡蛋，用筷子轻轻搅拌形成蛋花。\n   - 调味后即可。\n\n7. **鸡蛋饼**：\n   - 鸡蛋打散，加入面粉、水、葱花、盐等调料，调成糊状。\n   - 在平底锅中倒入面糊，摊成饼状，两面煎至金黄。\n\n8. **茶叶蛋**：\n   - 将鸡蛋煮熟后敲碎蛋壳。\n   - 加入茶叶、香料（如八角、桂皮等）和酱油，煮沸后小火慢炖，让鸡蛋入味。\n\n这些只是鸡蛋的一些基本做法，你可以根据个人口味和喜好进行调整。希望这些建议能帮助你做出美味的饭食！','2025-05-18 11:16:37'),(90,8,'你好\n','你好！很高兴再次和你交流。有什么可以帮你的吗？无论是聊天、获取信息还是解决问题，我都乐意为你服务。让我们一起愉快地对话吧！','2025-05-21 05:27:57'),(91,8,'nihao \n','你好！有什么可以帮你的吗？','2025-05-21 15:16:11'),(92,8,'你好。','你好！有什么可以帮你的吗？如果你有任何问题或者需要帮助，请随时告诉我。','2025-05-21 15:20:17'),(93,8,'Hello, my name\'s Connie Zhang.','Hello Connie Zhang, nice to meet you! I\'m Kimi, your AI assistant. How can I assist you today? If you have any questions or need help with anything, feel free to ask.','2025-05-21 15:20:37'),(94,8,'我有西红柿和鸡蛋，我应该做什么饭\n','西红柿和鸡蛋是两种非常常见且搭配得很好的食材，可以做出多种简单又美味的菜肴。以下是一些建议：\n\n1. **西红柿炒鸡蛋**：\n   - 将鸡蛋打散，加入少许盐搅拌均匀。\n   - 西红柿切块。\n   - 热锅凉油，倒入鸡蛋液，炒至半熟后盛出。\n   - 用剩下的油炒西红柿，加入少许盐和糖调味，炒至西红柿出汁。\n   - 将炒好的鸡蛋倒回锅中，与西红柿一起翻炒均匀即可。\n\n2. **西红柿鸡蛋汤**：\n   - 西红柿切块，鸡蛋打散。\n   - 锅中加水烧开，放入西红柿块。\n   - 待西红柿汤烧开后，慢慢倒入鸡蛋液，用筷子轻轻搅拌形成蛋花。\n   - 加入盐、葱花、香菜等调味料，煮沸后即可。\n\n3. **西红柿鸡蛋面**：\n   - 按照西红柿炒鸡蛋的做法准备西红柿炒鸡蛋。\n   - 另起锅煮面，面熟后捞出。\n   - 将炒好的西红柿鸡蛋盖在面上，或者将面放入西红柿鸡蛋汤中。\n\n4. **西红柿鸡蛋盖饭**：\n   - 按照西红柿炒鸡蛋的做法准备西红柿炒鸡蛋。\n   - 将炒好的西红柿鸡蛋盖在热米饭上。\n\n5. **西红柿鸡蛋饼**：\n   - 鸡蛋打散，加入面粉、水、盐搅拌均匀成糊状。\n   - 西红柿切薄片。\n   - 平底锅刷油，倒入面糊，铺上西红柿片。\n   - 小火煎至两面金黄即可。\n\n这些菜肴都很简单，而且可以根据个人口味调整配料和调料。希望这些建议能帮助你做出美味的一餐！','2025-05-21 15:21:22'),(95,8,'你好\n','你好！很高兴再次和你交流。有什么可以帮你的吗？无论是聊天还是需要解答问题，我都乐意为你服务。','2025-05-22 05:19:18'),(96,8,'他说这个声音怎么出来的，你怎么来的呀？声音怎么来的呢？找谁呀？','哈哈，你的问题真有趣。我是由Moonshot AI开发的人工智能助手，名叫Kimi。我的声音是通过文本和语言处理技术生成的，所以你听到的其实是我的文字回复。我的存在是为了帮助人们解答问题、提供信息和进行交流。如果你有任何问题，随时可以问我，我会尽我所能为你提供帮助。我们开始吧！有什么我可以帮你的？','2025-05-22 05:19:33'),(97,8,'西红柿和鸡蛋可以做什么饭，出了番茄炒蛋\n','西红柿和鸡蛋是一对非常经典的食材组合，除了番茄炒蛋之外，还可以制作多种美味的菜肴。以下是一些常见的做法：\n\n1. **西红柿鸡蛋汤**：\n   - 将西红柿切块，鸡蛋打散。\n   - 锅中加水烧开，放入西红柿，煮至软烂。\n   - 倒入打散的鸡蛋，用筷子轻轻搅拌，形成蛋花。\n   - 加入盐、葱花、香菜等调味。\n\n2. **西红柿鸡蛋面**：\n   - 将面条煮熟，捞出备用。\n   - 用番茄炒蛋的做法炒制西红柿和鸡蛋。\n   - 将炒好的西红柿鸡蛋浇在面条上，拌匀即可。\n\n3. **西红柿鸡蛋盖浇饭**：\n   - 将米饭蒸熟，盛在碗中。\n   - 用番茄炒蛋的做法炒制西红柿和鸡蛋。\n   - 将炒好的西红柿鸡蛋盖在米饭上。\n\n4. **西红柿鸡蛋饼**：\n   - 将鸡蛋打散，加入面粉、水、盐，调成糊状。\n   - 将西红柿切片或切丁，加入面糊中。\n   - 平底锅加热，倒入面糊，两面煎至金黄。\n\n5. **西红柿鸡蛋羹**：\n   - 将鸡蛋打散，加入等量的水，搅拌均匀。\n   - 将西红柿去皮切丁，加入蛋液中。\n   - 将蛋液和西红柿丁一起倒入蒸碗中，上锅蒸10-15分钟。\n\n6. **西红柿鸡蛋卷**：\n   - 将鸡蛋打散，加入面粉、水、盐，调成糊状。\n   - 平底锅加热，倒入面糊，摊成薄饼。\n   - 将炒好的西红柿鸡蛋铺在薄饼上，卷起，切成小段。\n\n7. **西红柿鸡蛋炖豆腐**：\n   - 将豆腐切块，西红柿切块。\n   - 锅中加油，放入西红柿炒软，加入豆腐块。\n   - 加入打散的鸡蛋，轻轻搅拌，炖煮至入味。\n\n这些菜肴简单易做，营养丰富，可以根据个人口味进行调整。希望这些建议能给你带来一些新的灵感！','2025-05-22 05:27:30'),(98,8,'呃我今天肚子疼怎么办？','肚子疼可能是由多种原因引起的，处理方法也因原因不同而有所差异。以下是一些基本的建议：\n\n1. **休息**：给身体一些时间来恢复，避免剧烈运动。\n\n2. **饮食调整**：避免油腻、辛辣或难以消化的食物，尝试吃一些容易消化的食物，如白粥、面条等。\n\n3. **保持水分**：确保充分补水，脱水可能加剧腹痛。\n\n4. **热敷**：在腹部使用热水袋或暖宝宝，有助于缓解痉挛和疼痛。\n\n5. **非处方药物**：对于轻微的腹痛，可以考虑使用非处方的抗痉挛药物，如布洛芬等。请按照说明书使用，并注意不要超过推荐剂量。\n\n如果腹痛伴有以下症状，应立即就医：\n- 剧烈或持续的腹痛\n- 伴有发热、呕吐、腹泻或血便\n- 腹痛突然发作，尤其是如果伴有出汗、面色苍白或意识模糊\n- 腹痛伴有腹部膨胀或肠鸣音消失\n- 腹痛在体力活动后加剧\n- 持续的腹痛，尤其是逐渐加重的\n\n如果腹痛是新出现的，或者持续不缓解，或者影响到你的日常生活，建议咨询医生以确定腹痛的具体原因，并得到适当的治疗建议。','2025-05-22 07:14:01'),(99,8,'呃，我今天很焦虑子。','感到焦虑是很常见的情绪体验，特别是在压力大或面临挑战时。这里有一些建议，或许可以帮助你缓解焦虑：\n\n1. **深呼吸**：尝试进行深呼吸练习，这可以帮助你放松身体，减少焦虑感。\n2. **运动**：适度的体育活动可以释放内啡肽，这是一种自然的“感觉良好”的化学物质，有助于减轻焦虑。\n3. **分散注意力**：做一些你喜欢的活动，比如阅读、绘画、听音乐或看喜剧电影，可以帮助你暂时从焦虑中抽离。\n4. **正念冥想**：练习正念冥想，专注于当下，可以帮助你减少对焦虑源的过度思考。\n5. **社交**：和朋友或家人聊天，分享你的感受，有时候倾诉可以减轻焦虑。\n6. **写日记**：将你的感受和想法写下来，有助于你理清思绪，也可能发现焦虑的根源。\n7. **专业帮助**：如果焦虑感持续或影响到了你的日常生活，考虑寻求心理健康专业人士的帮助。\n\n记住，感到焦虑是正常的，但如果你发现它开始影响你的生活质量，寻求帮助是非常重要的。每个人对焦虑的反应都不同，找到适合你的方法可能需要一些时间和尝试。如果你需要更多的支持或建议，请随时告诉我。','2025-05-22 07:14:26'),(100,8,'What should I do if I have headache\n','If you\'re experiencing a headache, here are some general steps you can take to alleviate the discomfort:\n\n1. **Rest**: Find a quiet, dark place to lie down and rest your eyes.\n\n2. **Hydration**: Ensure you\'re well-hydrated, as dehydration can contribute to headaches.\n\n3. **Medication**: Over-the-counter pain relievers like acetaminophen, ibuprofen, or aspirin can help with mild to moderate headaches. Always follow the instructions on the label and consult a healthcare provider if you\'re unsure.\n\n4. **Cold or Warm Compress**: Apply a cold or warm compress to your forehead or the back of your neck, depending on what feels more comfortable.\n\n5. **Avoid Caffeine**: If you\'re sensitive to caffeine, avoid it as it can sometimes trigger headaches.\n\n6. **Eat Regularly**: Skipping meals can lead to low blood sugar, which might cause headaches.\n\n7. **Stress Management**: Practice relaxation techniques such as deep breathing, meditation, or yoga to help reduce stress.\n\n8. **Avoid Known Triggers**: If you know certain foods, drinks, or activities trigger your headaches, try to avoid them.\n\n9. **Posture**: Poor posture, especially when working at a computer for long periods, can lead to tension headaches. Adjust your workstation to promote good posture.\n\n10. **Exercise**: Regular physical activity can help reduce the frequency and intensity of headaches.\n\nIf your headache is accompanied by any of the following symptoms, seek immediate medical attention:\n\n- Sudden, severe headache with no known cause\n- Headache accompanied by fever, stiff neck, or mental confusion\n- Headache with a rash\n- Headache following a head injury\n- Headache with slurred speech, vision problems, or weakness on one side of the body\n- A headache that worsens with coughing or straining\n- First-ever headache or the worst headache of your life\n\nIf your headache is persistent, severe, or affecting your daily life, it\'s important to consult with a healthcare provider to determine the cause and receive appropriate treatment.','2025-05-23 10:31:25'),(101,8,'What should I do If I am anxious?\n','Feeling anxious can be challenging, but there are several strategies you can use to manage anxiety effectively:\n\n1. **Deep Breathing**: Practice slow, deep breaths to help calm your nervous system. Try inhaling for a count of four, holding for four, and exhaling for four.\n\n2. **Mindfulness and Meditation**: Focus on the present moment without judgment. Meditation apps or guided meditations can be helpful for beginners.\n\n3. **Physical Activity**: Engage in regular exercise, as physical activity can reduce anxiety by boosting your mood and acting as a natural stress reliever.\n\n4. **Healthy Diet**: Maintain a balanced diet, as certain foods can contribute to anxiety. Avoid excessive caffeine and sugar, which can exacerbate anxiety symptoms.\n\n5. **Adequate Sleep**: Ensure you get enough restful sleep, as lack of sleep can increase anxiety levels.\n\n6. **Social Support**: Reach out to friends, family, or support groups to share your feelings and gain emotional support.\n\n7. **Limit Alcohol and Avoid Drugs**: These substances can increase anxiety levels and interfere with your ability to cope.\n\n8. **Relaxation Techniques**: Try progressive muscle relaxation, yoga, or other relaxation techniques to reduce tension in your body.\n\n9. **Cognitive Behavioral Therapy (CBT)**: This form of therapy can help you identify and change thought patterns that lead to anxiety.\n\n10. **Professional Help**: If your anxiety is overwhelming or persistent, consider seeking help from a mental health professional. They can provide you with tools and strategies tailored to your specific needs.\n\n11. **Journaling**: Writing down your thoughts and feelings can help you understand and manage your anxiety better.\n\n12. **Set Realistic Goals**: Break down tasks into smaller, manageable steps to reduce feelings of being overwhelmed.\n\nRemember, it\'s okay to ask for help, and there are many resources available to support you. If your anxiety is severe or affecting your daily life, it\'s important to reach out to a healthcare provider or a mental health professional.','2025-05-23 10:32:07'),(102,8,'If I have some eggs, what meals should I do\n','Eggs are incredibly versatile and can be used in a variety of dishes. Here are some meal ideas you can make with eggs:\n\n1. **Omelets**: Fill them with cheese, vegetables, meats, or a combination of your favorites.\n\n2. **Scrambled Eggs**: A quick and easy breakfast staple that can be jazzed up with herbs, spices, or mixed with other ingredients like mushrooms or spinach.\n\n3. **Frittata**: Similar to an omelet but baked in the oven, often with a variety of vegetables and sometimes meat.\n\n4. **Egg Salad**: A great sandwich filler or salad topping made with chopped hard-boiled eggs, mayonnaise, mustard, and seasonings.\n\n5. **Shakshuka**: A North African dish of eggs poached in a spicy tomato sauce.\n\n6. **Huevos Rancheros**: A Mexican dish of fried eggs served on corn tortillas with a tomato-chili sauce.\n\n7. **Deviled Eggs**: Hard-boiled eggs sliced in half, filled with yolk mixed with mayonnaise, mustard, and spices.\n\n8. **Egg Drop Soup**: A light and flavorful Asian soup where eggs are gently cooked in a simmering broth.\n\n9. **Quiche**: A savory pie with a flaky crust and a filling that often includes cheese, eggs, and vegetables or meat.\n\n10. **Pancakes or Waffles**: Many recipes include eggs for a rich and fluffy texture.\n\n11. **Benedict**: Classic eggs Benedict is made with poached eggs, Canadian bacon, and hollandaise sauce on an English muffin.\n\n12. **Egg Fried Rice**: A quick and easy meal that can be made with leftover rice, eggs, and various vegetables.\n\n13. **Breakfast Burritos**: Fill a tortilla with scrambled eggs, cheese, beans, and any other toppings you like.\n\n14. **Egg Curry**: A flavorful Indian dish where eggs are cooked in a rich, spiced sauce.\n\n15. **Baked Eggs**: Eggs baked in a ramekin with a variety of ingredients like cheese, vegetables, or meat.\n\n16. **Pasta Carbonara**: An Italian pasta dish made with eggs, pancetta, cheese, and pepper.\n\n17. **Eggs in Purgatory**: A spicy Italian dish where eggs are poached in a spicy tomato sauce.\n\n18. **Avocado Toast with Poached Eggs**: A trendy and healthy breakfast option.\n\n19. **Egg Rolls**: A Chinese-inspired appetizer that can be filled with a variety of ingredients, including eggs.\n\n20. **Egg Curry**: A spicy and flavorful Indian dish that can be served with rice or bread.\n\nRemember, eggs can be a part of both sweet and savory dishes, so don\'t be afraid to experiment with different flavors and ingredients. Enjoy your cooking!','2025-05-23 10:33:11'),(103,8,'If I have some eggs, what meal can I do\n','Eggs are incredibly versatile and can be the star of many different meals. Here are a few ideas for what you can do with some eggs:\n\n1. **Omelette**: Fill it with your favorite vegetables, cheese, or meats for a hearty breakfast or lunch.\n\n2. **Scrambled Eggs**: A quick and easy breakfast dish that can be jazzed up with herbs, cheese, or diced ham.\n\n3. **Fried Eggs**: Perfect on their own or served over toast with a side of avocado or bacon.\n\n4. **Egg Salad**: Mix hard-boiled eggs with mayonnaise, mustard, and chopped vegetables for a sandwich filling or a salad topping.\n\n5. **Quiche**: A savory pie that can be filled with cheese, vegetables, or meat and baked until golden.\n\n6. **Egg Drop Soup**: A light and comforting soup where eggs are gently cooked in hot broth.\n\n7. **Deviled Eggs**: Hard-boiled eggs sliced in half, filled with yolk mixed with mayonnaise, mustard, and spices.\n\n8. **Shirred Eggs**: Eggs baked in ramekins with a rich sauce, often served for brunch.\n\n9. **Egg Fried Rice**: A classic dish where eggs are scrambled with rice, vegetables, and sometimes meat.\n\n10. **Pancakes or Waffles**: Many recipes include eggs as a key ingredient for a light and fluffy texture.\n\n11. **French Toast**: Eggs are often used in the batter to dip bread before frying.\n\n12. **Baked Eggs**: Similar to shirred eggs, but often baked in a muffin tin with a variety of fillings.\n\n13. **Egg Curry**: A spicy and flavorful Indian dish where eggs are cooked in a rich curry sauce.\n\n14. **Huevos Rancheros**: A Mexican dish of fried eggs served on corn tortillas topped with a tomato-chili sauce.\n\n15. **Eggs Benedict**: Poached eggs on an English muffin topped with Canadian bacon and hollandaise sauce.\n\nThese are just a few ideas, and you can get creative with your ingredients to make a meal that suits your taste. Enjoy your cooking!','2025-05-23 10:37:00'),(104,8,'nihao\n','你好！有什么可以帮你的吗？','2025-06-07 07:25:36');
/*!40000 ALTER TABLE `ai_consultation_history` ENABLE KEYS */;
UNLOCK TABLES;

--
-- Table structure for table `blood_pressure`
--

DROP TABLE IF EXISTS `blood_pressure`;
/*!40101 SET @saved_cs_client     = @@character_set_client */;
/*!50503 SET character_set_client = utf8mb4 */;
CREATE TABLE `blood_pressure` (
  `blood_pressure_id` int NOT NULL AUTO_INCREMENT,
  `user_id` int NOT NULL,
  `systolic` int DEFAULT NULL,
  `diastolic` int DEFAULT NULL,
  `pulse` int DEFAULT NULL,
  `created_at` timestamp NULL DEFAULT CURRENT_TIMESTAMP,
  PRIMARY KEY (`blood_pressure_id`),
  KEY `user_id` (`user_id`),
  CONSTRAINT `blood_pressure_ibfk_1` FOREIGN KEY (`user_id`) REFERENCES `users` (`id`)
) ENGINE=InnoDB AUTO_INCREMENT=32 DEFAULT CHARSET=utf8mb4 COLLATE=utf8mb4_0900_ai_ci;
/*!40101 SET character_set_client = @saved_cs_client */;

--
-- Dumping data for table `blood_pressure`
--

LOCK TABLES `blood_pressure` WRITE;
/*!40000 ALTER TABLE `blood_pressure` DISABLE KEYS */;
INSERT INTO `blood_pressure` VALUES (1,6,150,98,99,'2025-04-09 14:03:26'),(2,6,150,98,99,'2025-04-09 14:07:01'),(3,6,150,98,99,'2025-04-09 14:08:56'),(4,6,150,98,99,'2025-04-10 05:37:08'),(5,6,150,98,99,'2025-04-10 06:38:51'),(6,6,150,98,99,'2025-04-10 06:48:30'),(7,6,150,98,99,'2025-04-10 06:51:13'),(8,6,150,98,99,'2025-04-10 07:23:40'),(9,6,150,98,99,'2025-04-10 08:14:51'),(10,8,150,98,99,'2025-04-10 08:19:36'),(11,8,150,98,99,'2025-04-10 08:21:08'),(12,8,150,98,99,'2025-04-10 09:05:54'),(13,8,150,98,99,'2025-04-10 09:35:09'),(14,8,150,98,99,'2025-04-10 10:01:47'),(15,8,150,98,99,'2025-04-10 10:15:54'),(16,8,150,98,99,'2025-04-10 10:20:45'),(17,8,150,98,99,'2025-04-18 09:43:30'),(18,8,150,98,99,'2025-04-18 09:45:50'),(19,8,150,98,99,'2025-04-18 09:52:45'),(20,8,150,98,99,'2025-04-18 09:57:26'),(21,8,150,98,99,'2025-05-20 09:43:33'),(22,8,150,98,99,'2025-05-20 09:52:29'),(23,8,150,98,99,'2025-05-20 09:56:10'),(24,8,150,98,99,'2025-05-21 06:32:31'),(25,8,150,98,99,'2025-05-21 06:32:40'),(26,8,151,90,90,'2025-05-21 06:37:14'),(27,8,150,98,99,'2025-05-21 15:17:55'),(28,8,150,98,99,'2025-05-21 15:18:02'),(29,8,150,98,99,'2025-05-21 15:18:42'),(30,8,150,98,99,'2025-05-22 05:15:08'),(31,8,156,103,153,'2025-05-22 07:09:30');
/*!40000 ALTER TABLE `blood_pressure` ENABLE KEYS */;
UNLOCK TABLES;

--
-- Table structure for table `blood_sugar`
--

DROP TABLE IF EXISTS `blood_sugar`;
/*!40101 SET @saved_cs_client     = @@character_set_client */;
/*!50503 SET character_set_client = utf8mb4 */;
CREATE TABLE `blood_sugar` (
  `blood_sugar_id` int NOT NULL AUTO_INCREMENT,
  `user_id` int NOT NULL,
  `value` decimal(5,2) DEFAULT NULL,
  `time` varchar(255) DEFAULT NULL,
  `created_at` timestamp NULL DEFAULT CURRENT_TIMESTAMP,
  PRIMARY KEY (`blood_sugar_id`),
  KEY `user_id` (`user_id`),
  CONSTRAINT `blood_sugar_ibfk_1` FOREIGN KEY (`user_id`) REFERENCES `users` (`id`)
) ENGINE=InnoDB AUTO_INCREMENT=27 DEFAULT CHARSET=utf8mb4 COLLATE=utf8mb4_0900_ai_ci;
/*!40101 SET character_set_client = @saved_cs_client */;

--
-- Dumping data for table `blood_sugar`
--

LOCK TABLES `blood_sugar` WRITE;
/*!40000 ALTER TABLE `blood_sugar` DISABLE KEYS */;
INSERT INTO `blood_sugar` VALUES (1,6,5.70,NULL,'2025-04-10 05:53:41'),(2,6,5.70,NULL,'2025-04-10 06:01:11'),(3,6,5.70,NULL,'2025-04-10 06:41:49'),(4,8,5.70,NULL,'2025-04-10 06:42:47'),(5,6,5.70,NULL,'2025-04-10 06:47:27'),(6,6,5.70,NULL,'2025-04-10 08:24:08'),(7,8,5.70,NULL,'2025-04-10 08:29:12'),(8,6,5.70,NULL,'2025-04-10 09:04:39'),(9,8,6.60,NULL,'2025-04-10 09:29:57'),(10,8,6.60,NULL,'2025-04-10 09:34:07'),(11,8,6.60,NULL,'2025-04-10 10:02:12'),(12,8,6.60,NULL,'2025-04-10 10:21:22'),(13,8,6.60,NULL,'2025-04-18 09:29:07'),(14,8,5.70,NULL,'2025-04-18 09:32:18'),(15,8,5.70,NULL,'2025-04-18 09:34:04'),(16,8,5.70,NULL,'2025-04-18 09:57:59'),(17,8,5.70,NULL,'2025-05-20 09:51:44'),(18,8,6.70,NULL,'2025-05-20 09:53:25'),(19,8,6.60,NULL,'2025-05-21 05:32:31'),(20,8,5.70,NULL,'2025-05-21 06:23:48'),(21,8,5.70,NULL,'2025-05-21 06:38:30'),(22,8,5.70,NULL,'2025-05-21 15:18:22'),(23,8,6.60,NULL,'2025-05-22 05:15:48'),(24,8,6.70,NULL,'2025-05-22 05:16:09'),(25,8,17.35,NULL,'2025-05-22 07:10:19'),(26,8,6.60,NULL,'2025-05-22 07:11:28');
/*!40000 ALTER TABLE `blood_sugar` ENABLE KEYS */;
UNLOCK TABLES;

--
-- Table structure for table `coach_bookings`
--

DROP TABLE IF EXISTS `coach_bookings`;
/*!40101 SET @saved_cs_client     = @@character_set_client */;
/*!50503 SET character_set_client = utf8mb4 */;
CREATE TABLE `coach_bookings` (
  `booking_id` int NOT NULL AUTO_INCREMENT,
  `user_id` int NOT NULL,
  `coach_id` int NOT NULL,
  `booking_date` datetime NOT NULL,
  `booking_time` varchar(50) NOT NULL,
  `notes` text,
  `status` varchar(50) NOT NULL,
  `created_at` timestamp NULL DEFAULT CURRENT_TIMESTAMP,
  PRIMARY KEY (`booking_id`),
  KEY `user_id` (`user_id`),
  KEY `coach_id` (`coach_id`),
  CONSTRAINT `coach_bookings_ibfk_1` FOREIGN KEY (`user_id`) REFERENCES `users` (`id`) ON DELETE CASCADE,
  CONSTRAINT `coach_bookings_ibfk_2` FOREIGN KEY (`coach_id`) REFERENCES `coaches` (`coach_id`) ON DELETE CASCADE
) ENGINE=InnoDB AUTO_INCREMENT=15 DEFAULT CHARSET=utf8mb4 COLLATE=utf8mb4_0900_ai_ci;
/*!40101 SET character_set_client = @saved_cs_client */;

--
-- Dumping data for table `coach_bookings`
--

LOCK TABLES `coach_bookings` WRITE;
/*!40000 ALTER TABLE `coach_bookings` DISABLE KEYS */;
INSERT INTO `coach_bookings` VALUES (2,8,1,'2025-05-08 00:00:00','10:30','','pending','2025-05-05 10:50:31'),(3,8,1,'2025-05-01 00:00:00','10:00','','pending','2025-05-05 10:51:55'),(4,8,1,'2025-05-09 00:00:00','10:00','','pending','2025-05-05 10:52:05'),(5,8,1,'2025-05-01 00:00:00','09:30','','pending','2025-05-05 10:53:32'),(6,8,1,'2025-05-06 00:00:00','10:00','','pending','2025-05-05 10:55:01'),(7,8,1,'2025-05-01 00:00:00','10:30','','pending','2025-05-05 10:57:06'),(8,8,1,'2025-05-08 00:00:00','10:30','','pending','2025-05-08 06:02:08'),(9,8,1,'2025-05-08 00:00:00','09:30','1','pending','2025-05-08 06:03:09'),(10,8,1,'2025-05-14 00:00:00','10:00','','pending','2025-05-18 08:48:43'),(11,8,1,'2025-05-19 00:00:00','10:30','','pending','2025-05-18 11:31:31'),(12,8,2,'2025-05-22 00:00:00','09:30','','pending','2025-05-22 05:24:52'),(13,8,1,'2025-05-15 00:00:00','09:30','','pending','2025-05-22 07:19:39'),(14,8,1,'2025-05-08 00:00:00','10:30','qqq','pending','2025-05-23 10:39:56');
/*!40000 ALTER TABLE `coach_bookings` ENABLE KEYS */;
UNLOCK TABLES;

--
-- Table structure for table `coaches`
--

DROP TABLE IF EXISTS `coaches`;
/*!40101 SET @saved_cs_client     = @@character_set_client */;
/*!50503 SET character_set_client = utf8mb4 */;
CREATE TABLE `coaches` (
  `coach_id` int NOT NULL AUTO_INCREMENT,
  `name` varchar(255) NOT NULL,
  `specialty` varchar(255) DEFAULT NULL,
  `image_url` varchar(255) DEFAULT NULL,
  `availability` varchar(50) DEFAULT NULL,
  `created_at` timestamp NULL DEFAULT CURRENT_TIMESTAMP,
  PRIMARY KEY (`coach_id`)
) ENGINE=InnoDB AUTO_INCREMENT=4 DEFAULT CHARSET=utf8mb4 COLLATE=utf8mb4_0900_ai_ci;
/*!40101 SET character_set_client = @saved_cs_client */;

--
-- Dumping data for table `coaches`
--

LOCK TABLES `coaches` WRITE;
/*!40000 ALTER TABLE `coaches` DISABLE KEYS */;
INSERT INTO `coaches` VALUES (1,'Coach Alex','Fitness Training','https://s3.bmp.ovh/imgs/2025/05/21/50ed1e399cb9e9d5.jpg','Available','2025-05-05 06:55:06'),(2,'Coach ZHY','ping pong','https://s3.bmp.ovh/imgs/2025/05/21/0f06c5a1ec3d91b9.jpg','Available','2025-05-21 13:27:52'),(3,'Coach LNE','ping pong','https://s3.bmp.ovh/imgs/2025/05/21/f97443196b8e569c.jpg','Available','2025-05-21 14:45:47');
/*!40000 ALTER TABLE `coaches` ENABLE KEYS */;
UNLOCK TABLES;

--
-- Table structure for table `dishes`
--

DROP TABLE IF EXISTS `dishes`;
/*!40101 SET @saved_cs_client     = @@character_set_client */;
/*!50503 SET character_set_client = utf8mb4 */;
CREATE TABLE `dishes` (
  `dish_id` int NOT NULL AUTO_INCREMENT,
  `name` varchar(255) NOT NULL,
  `description` text,
  `price` decimal(10,2) NOT NULL,
  `category` varchar(100) DEFAULT NULL,
  `image_url` varchar(255) DEFAULT NULL,
  `created_at` timestamp NULL DEFAULT CURRENT_TIMESTAMP,
  `updated_at` timestamp NULL DEFAULT CURRENT_TIMESTAMP ON UPDATE CURRENT_TIMESTAMP,
  PRIMARY KEY (`dish_id`)
) ENGINE=InnoDB AUTO_INCREMENT=6 DEFAULT CHARSET=utf8mb4 COLLATE=utf8mb4_0900_ai_ci;
/*!40101 SET character_set_client = @saved_cs_client */;

--
-- Dumping data for table `dishes`
--

LOCK TABLES `dishes` WRITE;
/*!40000 ALTER TABLE `dishes` DISABLE KEYS */;
INSERT INTO `dishes` VALUES (1,'Braised Pork Belly','Classic braised pork belly, rich in color, aroma, and taste',45.00,'Main Course','https://s3.bmp.ovh/imgs/2025/05/21/c24c1af9eab2d5b8.jpg','2025-04-23 13:08:54','2025-05-21 12:57:45'),(2,'Nutritional Package 1','A nutritionally balanced package',30.00,'Main Course','https://s3.bmp.ovh/imgs/2025/05/21/81e9af3258400e50.jpg','2025-05-21 13:10:58','2025-05-21 13:10:58'),(3,'Nutritional Package 2','A nutritionally balanced package',30.00,'Main Course','https://s3.bmp.ovh/imgs/2025/05/21/e5a1b724166b540f.jpg','2025-05-21 13:13:43','2025-05-21 13:13:43'),(4,'Nutritional Package 4','A nutritionally balanced package',30.00,'Main Course','https://s3.bmp.ovh/imgs/2025/05/21/53e37ebde8cde4ad.jpg','2025-05-21 13:16:12','2025-05-21 13:16:12'),(5,'Special Package 4','A nutritionally balanced package',30.00,'Main Course','https://s3.bmp.ovh/imgs/2025/05/21/81e9af3258400e50.jpg','2025-05-21 13:18:19','2025-05-21 13:18:19');
/*!40000 ALTER TABLE `dishes` ENABLE KEYS */;
UNLOCK TABLES;

--
-- Table structure for table `exercise_checkins`
--

DROP TABLE IF EXISTS `exercise_checkins`;
/*!40101 SET @saved_cs_client     = @@character_set_client */;
/*!50503 SET character_set_client = utf8mb4 */;
CREATE TABLE `exercise_checkins` (
  `checkin_id` int NOT NULL AUTO_INCREMENT,
  `user_id` int NOT NULL,
  `exercise_type` varchar(255) NOT NULL,
  `duration` int NOT NULL,
  `notes` text,
  `checkin_time` timestamp NOT NULL,
  `created_at` timestamp NULL DEFAULT CURRENT_TIMESTAMP,
  PRIMARY KEY (`checkin_id`),
  KEY `user_id` (`user_id`),
  CONSTRAINT `exercise_checkins_ibfk_1` FOREIGN KEY (`user_id`) REFERENCES `users` (`id`) ON DELETE CASCADE
) ENGINE=InnoDB AUTO_INCREMENT=12 DEFAULT CHARSET=utf8mb4 COLLATE=utf8mb4_0900_ai_ci;
/*!40101 SET character_set_client = @saved_cs_client */;

--
-- Dumping data for table `exercise_checkins`
--

LOCK TABLES `exercise_checkins` WRITE;
/*!40000 ALTER TABLE `exercise_checkins` DISABLE KEYS */;
INSERT INTO `exercise_checkins` VALUES (1,8,'walking',30,'','2025-05-05 06:41:15','2025-05-05 06:41:15'),(2,8,'running',30,'','2025-05-05 07:36:27','2025-05-05 07:36:27'),(3,8,'running',30,'','2025-05-05 07:52:07','2025-05-05 07:52:07'),(4,8,'cycling',30,'','2025-05-05 10:59:05','2025-05-05 10:59:05'),(5,8,'cycling',30,'Feel good','2025-05-08 05:44:34','2025-05-08 05:44:34'),(6,8,'running',30,'','2025-05-08 08:09:03','2025-05-08 08:09:03'),(7,8,'cycling',30,'','2025-05-18 08:48:51','2025-05-18 08:48:51'),(8,8,'walking',30,'good','2025-05-18 11:31:03','2025-05-18 11:31:03'),(9,8,'yoga',30,'感觉非常好，但是需要瑜伽课程','2025-05-22 05:28:36','2025-05-22 05:28:36'),(10,8,'running',30,'','2025-05-22 07:19:27','2025-05-22 07:19:27'),(11,8,'walking',30,'feel good','2025-05-23 10:39:36','2025-05-23 10:39:36');
/*!40000 ALTER TABLE `exercise_checkins` ENABLE KEYS */;
UNLOCK TABLES;

--
-- Table structure for table `health_knowledge`
--

DROP TABLE IF EXISTS `health_knowledge`;
/*!40101 SET @saved_cs_client     = @@character_set_client */;
/*!50503 SET character_set_client = utf8mb4 */;
CREATE TABLE `health_knowledge` (
  `health_knowledge_id` int NOT NULL AUTO_INCREMENT,
  `title` varchar(255) NOT NULL,
  `content` longtext NOT NULL,
  `category` varchar(50) NOT NULL,
  `author` varchar(100) DEFAULT NULL,
  `publish_time` timestamp NULL DEFAULT CURRENT_TIMESTAMP,
  `image_url` varchar(255) DEFAULT NULL,
  `video_url` varchar(255) DEFAULT NULL,
  `user_id` int DEFAULT NULL,
  `created_at` timestamp NULL DEFAULT CURRENT_TIMESTAMP,
  `updated_at` timestamp NULL DEFAULT CURRENT_TIMESTAMP ON UPDATE CURRENT_TIMESTAMP,
  PRIMARY KEY (`health_knowledge_id`),
  KEY `user_id` (`user_id`),
  CONSTRAINT `health_knowledge_ibfk_1` FOREIGN KEY (`user_id`) REFERENCES `users` (`id`) ON DELETE SET NULL ON UPDATE CASCADE
) ENGINE=InnoDB AUTO_INCREMENT=13 DEFAULT CHARSET=utf8mb4 COLLATE=utf8mb4_0900_ai_ci;
/*!40101 SET character_set_client = @saved_cs_client */;

--
-- Dumping data for table `health_knowledge`
--

LOCK TABLES `health_knowledge` WRITE;
/*!40000 ALTER TABLE `health_knowledge` DISABLE KEYS */;
INSERT INTO `health_knowledge` VALUES (1,'test','test','health','admin','2025-04-11 06:46:37','https://s3.bmp.ovh/imgs/2025/05/18/253157749a8bda86.jpg','https://www.bilibili.com/video/BV1B1cUe8EkA/?spm_id_from=333.337.search-card.all.click&vd_source=5a4afb166bee11b0f55b5d6f35fb34de',9,'2025-04-11 06:46:37','2025-05-18 08:58:25'),(3,'Health Science | Say goodbye to the \"one size fits all\" approach, and tailor cardiovascular medication accordingly from now on','Have you ever encountered such a situation? \nThe same medication is effective for others, but not for oneself, and may even have side effects? \nDespite changing multiple medications, the condition remains poorly controlled? \nWorried about the side effects of medication and afraid to take it for a long time? \nWant to adjust the dosage of medication, but suffer from the lack of scientific basis, can only \"feel the stones and cross the river\"? \nIn fact, all of these answers may be hidden in your genes. \nRecently, our pathology department launched a personalized genetic testing project for cardiovascular disease medication guidance, allowing vascular medication to be tailored to individual needs and bidding farewell to the \"one size fits all\" approach. \nWhat is personalized medication guidance genetic testing for cardiovascular disease? \nSimply put, it is to detect genes related to drug metabolism, efficacy, and adverse reactions, predict patients\' reactions to different drugs, and help doctors develop more accurate and personalized medication plans for you. \nThe speed of drug metabolism affects the duration of drug efficacy, and the sensitivity of drugs determines the dosage and risk of adverse reactions, such as clopidogrel resistance and statin induced muscle toxicity. \nThe traditional \"one size fits all\" medication model can easily lead to differences in efficacy, while molecular pathological genetic testing can decode individual genetic codes and provide scientific basis for medication plans. \nWhat population is this test suitable for? \nPatients who are taking cardiovascular disease medication but have poor efficacy or adverse reactions. \nPatients who require long-term use of multiple cardiovascular disease medications. \nPatients with a history of adverse drug reactions or family history. \nPatients who hope to understand their own drug metabolism and achieve precise medication. \nWhat are the advantages of this test? \nPrecision: Analyzing individual differences in drug response at the genetic level to provide scientific basis for precision medicine. \nSafety: Predict the risk of adverse drug reactions and avoid medication risks in advance. \nEfficient: Assist doctors in quickly developing personalized medication plans to improve treatment outcomes. \nConvenience: Only a small amount of blood needs to be drawn to complete the test. \nPrecision medicine starts with \'genes\'. \nIndividualized medication guidance for cardiovascular disease through genetic testing, safeguarding your health.','health','admin','2025-04-11 08:46:24','https://s3.bmp.ovh/imgs/2025/05/18/6fa12f04329b1141.jpg','https://www.bilibili.com/video/BV1r14y127WS/?spm_id_from=333.337.search-card.all.click&vd_source=5a4afb166bee11b0f55b5d6f35fb34de',9,'2025-04-11 08:46:24','2025-05-18 08:40:39'),(4,'Health Science | Say goodbye to the \"one size fits all\" approach, and tailor cardiovascular medication accordingly from now on','Have you ever encountered such a situation?\n\nThe same medication is effective for others, but not for oneself, and may even have side effects?\n\nDespite changing multiple medications, the condition remains poorly controlled?\n\nWorried about the side effects of medication and afraid to take it for a long time?\n\nWant to adjust the dosage of medication, but suffer from the lack of scientific basis, can only \"feel the stones and cross the river\"?\n\nIn fact, all of these answers may be hidden in your genes.\n\nRecently, our pathology department launched a personalized genetic testing project for cardiovascular disease medication guidance, allowing vascular medication to be tailored to individual needs and bidding farewell to the \"one size fits all\" approach.\n\nWhat is personalized medication guidance genetic testing for cardiovascular disease?\n\nSimply put, it is to detect genes related to drug metabolism, efficacy, and adverse reactions, predict patients\' reactions to different drugs, and help doctors develop more accurate and personalized medication plans for you.\n\nThe speed of drug metabolism affects the duration of drug efficacy, and the sensitivity of drugs determines the dosage and risk of adverse reactions, such as clopidogrel resistance and statin induced muscle toxicity.\n\nThe traditional \"one size fits all\" medication model can easily lead to differences in efficacy, while molecular pathological genetic testing can decode individual genetic codes and provide scientific basis for medication plans.\n\nWhat population is this test suitable for?\n\nPatients who are taking cardiovascular disease medication but have poor efficacy or adverse reactions.\n\nPatients who require long-term use of multiple cardiovascular disease medications.\n\nPatients with a history of adverse drug reactions or family history.\n\nPatients who hope to understand their own drug metabolism and achieve precise medication.\n\nWhat are the advantages of this test?\n\nPrecision: Analyzing individual differences in drug response at the genetic level to provide scientific basis for precision medicine.\n\nSafety: Predict the risk of adverse drug reactions and avoid medication risks in advance.\n\nEfficient: Assist doctors in quickly developing personalized medication plans to improve treatment outcomes.\n\nConvenience: Only a small amount of blood needs to be drawn to complete the test.\n\nPrecision medicine starts with \'genes\'.\n\nIndividualized medication guidance for cardiovascular disease through genetic testing, safeguarding your health.','health','admin','2025-04-11 08:49:49','https://s3.bmp.ovh/imgs/2025/05/18/6fa12f04329b1141.jpg','https://www.bilibili.com/video/BV1r14y127WS/?spm_id_from=333.337.search-card.all.click&vd_source=5a4afb166bee11b0f55b5d6f35fb34de',9,'2025-04-11 08:49:49','2025-05-18 08:40:32'),(5,'如何预防老年痴呆症','老年痴呆症是一种常见的神经退行性疾病，影响着全球数百万老年人。虽然目前尚无治愈方法，但通过积极的生活方式干预，可以有效降低患病风险。以下是一些建议：\n\n1. 保持积极的认知活动：阅读、写作、玩益智游戏、学习新技能等，都有助于刺激大脑，增强认知储备。\n\n2. 坚持体育锻炼：每周至少进行 150 分钟的中等强度有氧运动，如散步、游泳、骑自行车等。体育锻炼可以改善血液循环，促进大脑健康。\n\n3. 均衡饮食：多摄入富含抗氧化剂、维生素和健康脂肪的食物，如蔬菜、水果、全谷物、鱼类和坚果。限制高糖、高盐和高脂肪食物的摄入。\n\n4. 保持社交互动：积极参与社交活动，与家人、朋友保持联系，有助于减轻孤独感，增强心理健康。\n\n5. 控制慢性疾病：高血压、糖尿病、高胆固醇等慢性疾病会增加患老年痴呆症的风险。积极控制这些疾病，有助于保护大脑健康。\n\n6. 戒烟限酒：吸烟和过量饮酒都会损害大脑健康，增加患老年痴呆症的风险。戒烟限酒有助于降低患病风险。\n\n7. 保证充足睡眠：每晚保持 7-8 小时的睡眠，有助于大脑清除有害物质，促进认知功能。\n\n8. 定期体检：定期进行体检，及时发现和处理潜在的健康问题，有助于保护大脑健康。\n\n通过采取这些积极的生活方式干预措施，您可以有效降低患老年痴呆症的风险，保持大脑健康，享受幸福的晚年生活。','疾病预防','健康专家','2025-04-11 16:04:35','https://baidu.com','https://baidu.com',6,'2025-04-11 16:04:35','2025-04-11 16:04:35'),(7,'Is blood sugar prone to fluctuations in spring?  Diabetes prevention and treatment knowledge that \"sugar friends\" must know','The temperature in spring is changeable\\. For patients with diabetes\\, this is a time when they need to pay special attention to blood sugar fluctuations\\, so it is very important to do a good job in prevention and treatment\\. Here are some common sense about prevention and treatment of diabetes in spring\\.\\nAs the saying goes\\, \"spring covers autumn\"\\, diabetes patients have weak resistance and are insensitive to temperature\\. If they do not pay attention to keeping warm\\, they will easily catch a cold\\, which will increase blood sugar\\. Patients should adjust their clothing in a timely manner according to changes in external temperature\\. Pay special attention to keeping the lower body\\, abdomen\\, back\\, and feet warm\\.\\nIn spring\\, the liver qi is strong\\, so it should be less sour and more sweet\\. On the basis of controlling total calories every day\\, maintain a diversified diet and eat more sweet\\, warm\\, and light foods\\. The combination of coarse and fine staple foods\\, such as oats\\, buckwheat\\, brown rice\\, etc\\; Eating foods rich in high\\-quality protein\\, vitamins\\, and trace elements such as chicken and milk can help control blood sugar and blood lipids and prevent complications\\. Eat more spring leafy vegetables such as spinach and shepherd\'s purse\\, and choose low sugar fruits such as strawberries and cherries\\.\\nWhen the temperature rises in spring\\, diabetes patients who love sweating are prone to tinea pedis\\, and patients with vascular disease and foot skin damage should pay more attention\\. Check your feet every day and change your shoes and socks frequently\\.\\nAppropriate exercise can accelerate blood flow\\, improve disease resistance\\, enhance insulin sensitivity\\, and help maintain blood sugar stability\\. You can choose to engage in outdoor activities such as walking\\, walking\\, etc\\. one hour after meals\\, to avoid fasting and prolonged intense exercise\\. Negative emotions can cause blood sugar fluctuations\\, which can be relieved through activities such as calligraphy\\, painting\\, gardening\\, etc\\.\\nIn short\\, diabetes patients should maintain good living habits in spring\\, which can effectively control blood sugar and prevent complications\\.','health','admin','2025-04-12 05:44:27','www.baidu.com','www.baidu.com',9,'2025-04-12 05:44:27','2025-04-12 05:44:27'),(8,'Is blood sugar prone to fluctuations in spring?  Diabetes prevention and treatment knowledge that \"sugar friends\" must know','The temperature in spring is changeable. For patients with diabetes, this is a time when they need to pay special attention to blood sugar fluctuations, so it is very important to do a good job in prevention and treatment.\n Here are some common sense about prevention and treatment of diabetes in spring.\nAs the saying goes, \"spring covers autumn\", diabetes patients have weak resistance and are insensitive to temperature. If they do not pay attention to keeping warm, they will easily catch a cold, which will increase blood sugar.\n Patients should adjust their clothing in a timely manner according to changes in external temperature.\n Pay special attention to keeping the lower body, abdomen, back, and feet warm.\nIn spring, the liver qi is strong, so it should be less sour and more sweet.\n On the basis of controlling total calories every day, maintain a diversified diet and eat more sweet, warm, and light foods.\n The combination of coarse and fine staple foods, such as oats, buckwheat, brown rice, etc;\n Eating foods rich in high-quality protein, vitamins, and trace elements such as chicken and milk can help control blood sugar and blood lipids and prevent complications.\n Eat more spring leafy vegetables such as spinach and shepherd\'s purse, and choose low sugar fruits such as strawberries and cherries.\nWhen the temperature rises in spring, diabetes patients who love sweating are prone to tinea pedis, and patients with vascular disease and foot skin damage should pay more attention.\n Check your feet every day and change your shoes and socks frequently.\nAppropriate exercise can accelerate blood flow, improve disease resistance, enhance insulin sensitivity, and help maintain blood sugar stability.\n You can choose to engage in outdoor activities such as walking, walking, etc. one hour after meals, to avoid fasting and prolonged intense exercise.\n Negative emotions can cause blood sugar fluctuations, which can be relieved through activities such as calligraphy, painting, gardening, etc.\nIn short, diabetes patients should maintain good living habits in spring, which can effectively control blood sugar and prevent complications.','health','admin','2025-04-12 05:47:38','','',9,'2025-04-12 05:47:38','2025-04-12 05:47:38'),(9,'test','test','health','admin','2025-04-17 09:23:43','','',9,'2025-04-17 09:23:43','2025-04-17 09:23:43'),(10,'test','test','health','admin','2025-04-18 09:23:15','','',9,'2025-04-18 09:23:15','2025-04-18 09:23:15'),(12,'健康常识科普文章精选集：经典健康知识荟萃','一、生活中的健康小贴士\n（一）日常习惯助健康\n睡醒后赖床 3 分钟，能让身体从睡眠状态平稳过渡到清醒状态，避免突然起身引起头晕等不适。清晨不宜立即开窗通风，因为早晨的空气可能含有较多的污染物，等太阳升起后再开窗更有利于健康。起床后别急着叠被子，让被子摊开一会儿，散发夜间排出的湿气，减少细菌滋生。这些日常小习惯看似微不足道，却对健康有着重要影响。\n（二）洗漱细节很重要\n刷牙时别忘刷舌头，舌头上也会残留食物残渣和细菌，不清理容易引发口臭等问题。洗澡时间不宜过长，最好别超过 20 分钟，长时间洗澡可能导致皮肤干燥，还会消耗过多体力。洗脸要洗发际线，避免化妆品和污垢残留，防止发际线处长痘。\n（三）饮食讲究学问多\n生香蕉中含有较多的鞣酸，吃多了会加重便秘。橘子中富含胡萝卜素，吃多了皮肤会变黄，但这种情况一般在停止食用后会逐渐恢复。大米粥配咸菜营养低，咸菜含盐量高，长期食用可能导致高血压等疾病，应搭配蔬菜、蛋白质等食物，保证营养均衡。\n二、运动与健康的关联\n（一）正确运动方式\n传统仰卧起坐的动作要点是平躺在垫子上，双手抱头，腰腹部发力，身体坐起，然后回落。然而，这种 “抱头式” 仰卧起坐存在很大危害，有可能损伤脊柱神经，还可能引起颈椎受损甚至伤及脊神经。目前建议做仰卧起坐时，将双手交叉放于胸前或双手交叉抱肩，以减少对颈部的压力。肥胖者是否适合跑步不可一概而论，主要取决于个体的健康状况和运动能力。适当跑步可帮助肥胖者减肥、改善心肺功能，但过度或不适当跑步可能对关节和心脏造成压力。一般来说，肥胖者跑步前应进行全面健康检查，开始应以低强度、慢速度慢跑为主，同时注意保护膝关节和脚踝。每天步行 6000 步左右相对来说对身体比较好，人体也不会感觉过度劳累。每天走 6000 步，可以加速体内脂质成分的运转和分解，降低血糖，改善新陈代谢增强肺功能等。但活动过少或过多都不好，患者活动时最好选择连续性的有氧运动，坚持 30～40 分钟左右。\n（二）特殊运动推荐\n小孩高热惊厥时，应立即止惊退烧治疗，保持呼吸道通畅。首先保持呼吸道通畅，在通过降温等措施，控制惊厥的发生。若抽搐时间较长，建议及时拨打 120，就近医院治疗，并且给孩子吸氧，避免缺氧的发生。物理降温可将温毛巾放于头部，还可以用温毛巾擦拭颈部、腋下等部位。小儿如果在家中发生高热惊厥，要让小儿平躺在平整的床上或者沙发上，头侧向一侧，保持呼吸道通畅，及时清理口腔分泌物，防止舌咬伤，监测体温，立即使用退热药，接下来要立即拨打 120 送医院就诊。对于不同年龄的孩子海姆立克的方法不同。1 岁以内的孩子，施救者将婴儿面朝下，使其身体放置在手臂上并倚靠在膝盖上，进行拍背和压胸；1 岁以上的孩子，施救者站立在孩子背后，双手臂环抱其腰部，进行腹部冲击。孩子噎到东西后，家长应立即使用海姆立克法急救，同时立即拨打 120 急救。如果患儿意识丧失，且无呼吸和大动脉搏动，应立即对其进行心肺复苏术。膝盖疼可试试靠墙静蹲，靠墙静蹲能增强腿部肌肉力量，减轻膝盖压力。\n三、用药安全需牢记\n（一）正确服药方法\n很多人认为 “一日三次” 就是在三餐前后服用药物，其实这是错误的理解。“一日三次” 是指将 24 小时平均分为三段时间，每 8 小时服药一次，这样才能保证药物在体内的浓度稳定，达到最佳治疗效果。\n退烧药的服用间隔时间通常为 4 到 6 个小时，一天 24 小时内不能超过 4 次，具体要以说明书和医嘱为准。常见的退烧药如布洛芬、对乙酰氨基酚等，过量服用可能引起肝损害，所以一般为临时服用，降温即停服。比如布洛芬缓释悬滴剂，通常 6 - 8 小时服用一次；对乙酰氨基酚滴剂 4 - 6 小时服用一次。退烧药建议选择在餐后服用，避免刺激胃肠道，用药期间要多喝水，补充维生素丰富的蔬菜水果等，还可以辅助物理降温如使用湿毛巾、冰袋、酒精擦浴等。\n吃头孢类药物不能喝酒，因为头孢和酒精可能发生双硫仑样反应。病人可能表现为头晕、恶心、胸闷、呼吸困难、心前区不适等症状，严重者可能会引起休克，危及生命。除了头孢，甲硝唑、奥硝唑等药物也可能和酒精发生双硫仑样反应，使用这些药物期间也禁止饮酒。\n（二）特殊药物注意\n止咳糖浆喝完后最好间隔 5 分钟左右再喝水，让药物黏附在咽喉的黏膜上，形成保护性薄膜，缓解咳嗽症状。服用对呼吸道黏膜起安抚作用的药物，如止咳糖浆后不宜立即饮水，如服用多种药物时，应最后服用止咳糖浆，以免冲淡药液，使药效降低。\n特殊药物如治疗骨松的阿仑膦酸钠、福善美，清晨空腹用药，用一大杯的水顺服，用药后需直立或行走，且一周服用一次，同时要进行补钙。\n特殊人群服用特殊药物也有注意事项，高血压病患者、冠心病患者可按日常服药时间以少量水送服降压类、抗凝血类、免疫抑制剂等药物；糖尿病患者在检查当日应避免应用胰岛素等降糖药；为确保检查结果准确有效，检查前三天应禁止服用可影响胃功能或胃酸分泌的药物。\n对牙齿有腐蚀作用的药物，如酸类和铁剂，应避免与牙齿接触，应用吸水管吸服后漱口；缓释片、肠溶片、胶囊吞服时不可嚼碎，舌下含片应放舌下或两颊黏膜与牙齿之间待其溶化；健胃药宜在饭前服，助消化药及对胃黏膜有刺激性的药物宜在饭后服，催眠药在睡前服，驱虫药宜在空腹或半空腹服用；磺胺类药物应准时服药，服药后应多饮水，以防结晶析出堵塞肾小管；服用强心苷类药物前，应测脉率或心率，并注意节律变化，如低于 60 次 / 分或节律不齐应停止服用。\n四、健康知识拓展\n（一）家庭健康管理\n家庭健康管理对于每个家庭都至关重要。首先，建议每半年检查一次家庭药箱。一般来说，应该检查药物是否过了保质期，查看有无变质的情况。我国居民用药存在较大隐患，仅有 40.6% 的家庭会定期整理家庭药箱，近 60% 的家庭偶尔或从不整理家庭药箱，其中超过 20% 的家庭从不清理家庭药箱或从来不注意过期药问题。药品存放要遵循药少而精、科学储存分类管理、定期检查三个原则。家中常备药物最好避光、干燥、密封保存，内服药与外用药分开存放，大人药和小孩药分开存放，以免混用。\n把家里的盐换成低钠盐也有好处。低钠盐的钠含量是普通盐含量的 70%，而钾的含量比普通盐要明显增加。食用低钠盐能够减少钠的摄入，维持体液平衡，一定程度预防高血压病变。但要合理使用低钠盐，对于肾功能不好的患者，尤其是有排尿功能障碍的患者，由于低钠盐的钾含量较多，会导致钾不能排出体外，堆积在体内容易出现高钾血症，引发严重后果。\n（二）紧急情况应对\n在人员密集场所，我们要了解容易发生踩踏事故的情形，比如人群密集地方、特殊场合、特殊环境、人群情绪不平静等。进入人员密集的场所，先要观察安全出口和疏散通道的位置，记住箭头指示的疏散方向。尽量避免去拥挤的人群中，不得已时，尽量走在人群的边缘。\n遭遇踩踏时要紧急避险，坚持 “三要”“四不要”。“三要” 是指要逃、要躲、要稳。看到有拥挤的情况，不能上去凑热闹，要迅速离开现场，并且在逃离时，不要盲目地跟随周围的人流移动。发觉拥挤时，应该马上避到一旁，或躲在附近的墙角，等人群离开。如果已经陷入拥挤人群之中，一定要先稳住双脚，并尽量靠墙或抓住电线杆等牢固的物体以稳住身体。“四不要” 包括不呼喊、不逆行、不蹲下、不窒息。在拥挤发生时，切忌胡乱大喊大叫，这样会加剧人群的恐慌心理。在事故发生时，不要逆着人流逃离。拥挤发生时，尽量不要采用体位前倾或者低重心的姿势，即便钱包、鞋子被挤掉，也不要贸然弯腰去捡。在人群拥挤中前进时，要用一只手紧握另一手腕，手肘撑开，平放于胸前，形成一定空间，以保持呼吸通畅。\n孩子高热惊厥时，应立即止惊退烧治疗，保持呼吸道通畅。首先保持呼吸道通畅，在通过降温等措施，控制惊厥的发生。若抽搐时间较长，建议及时拨打 120，就近医院治疗，并且给孩子吸氧，避免缺氧的发生。物理降温可将温毛巾放于头部，还可以用温毛巾擦拭颈部、腋下等部位。小儿如果在家中发生高热惊厥，要让小儿平躺在平整的床上或者沙发上，头侧向一侧，保持呼吸道通畅，及时清理口腔分泌物，防止舌咬伤，监测体温，立即使用退热药，接下来要立即拨打 120 送医院就诊。','health','admin','2025-05-18 11:48:09','https://s3.bmp.ovh/imgs/2025/05/18/5e66a6f4ce0cbc66.jpg','https://www.bilibili.com/video/BV1Wa4y1J7MA/?spm_id_from=333.337.search-card.all.click&vd_source=5a4afb166bee11b0f55b5d6f35fb34de',9,'2025-05-18 11:48:09','2025-05-18 11:48:09');
/*!40000 ALTER TABLE `health_knowledge` ENABLE KEYS */;
UNLOCK TABLES;

--
-- Table structure for table `order_items`
--

DROP TABLE IF EXISTS `order_items`;
/*!40101 SET @saved_cs_client     = @@character_set_client */;
/*!50503 SET character_set_client = utf8mb4 */;
CREATE TABLE `order_items` (
  `order_item_id` int NOT NULL AUTO_INCREMENT,
  `order_id` varchar(36) DEFAULT NULL,
  `dish_id` int DEFAULT NULL,
  `quantity` int NOT NULL,
  `price` decimal(10,2) NOT NULL,
  `created_at` timestamp NULL DEFAULT CURRENT_TIMESTAMP,
  `updated_at` timestamp NULL DEFAULT CURRENT_TIMESTAMP ON UPDATE CURRENT_TIMESTAMP,
  PRIMARY KEY (`order_item_id`),
  KEY `order_id` (`order_id`),
  KEY `dish_id` (`dish_id`),
  CONSTRAINT `order_items_ibfk_1` FOREIGN KEY (`order_id`) REFERENCES `orders` (`order_id`) ON DELETE CASCADE,
  CONSTRAINT `order_items_ibfk_2` FOREIGN KEY (`dish_id`) REFERENCES `dishes` (`dish_id`) ON DELETE CASCADE
) ENGINE=InnoDB AUTO_INCREMENT=48 DEFAULT CHARSET=utf8mb4 COLLATE=utf8mb4_0900_ai_ci;
/*!40101 SET character_set_client = @saved_cs_client */;

--
-- Dumping data for table `order_items`
--

LOCK TABLES `order_items` WRITE;
/*!40000 ALTER TABLE `order_items` DISABLE KEYS */;
INSERT INTO `order_items` VALUES (2,'fa575e4e-84d2-4ac4-96f1-7adcc6bf166e',1,1,45.00,'2025-04-30 08:27:11','2025-04-30 08:27:11'),(6,'2eb5ce66-9fdd-4c48-ab46-4a0c0d87be6b',1,1,45.00,'2025-04-30 08:29:31','2025-04-30 08:29:31'),(7,'8b20e559-0e79-4aa7-90db-2259ac0fa1f2',1,1,45.00,'2025-04-30 08:33:16','2025-04-30 08:33:16'),(8,'7044d0e0-237f-4082-ba12-1cad7055a122',1,1,45.00,'2025-04-30 08:33:33','2025-04-30 08:33:33'),(9,'5573e8ef-f4c5-4170-a562-8a37d1b5ab39',1,1,45.00,'2025-04-30 08:36:27','2025-04-30 08:36:27'),(10,'7a80b869-786b-4f7a-b047-098f80e5603e',1,1,45.00,'2025-04-30 08:37:15','2025-04-30 08:37:15'),(11,'53b0a797-e8fd-4a36-82e3-d8893cf31ac5',1,1,45.00,'2025-04-30 08:41:23','2025-04-30 08:41:23'),(12,'c54b61e0-889d-4160-85f1-eabc266ca637',1,1,45.00,'2025-04-30 08:45:05','2025-04-30 08:45:05'),(13,'97f74153-7687-406e-a1ed-ad7212eb9db6',1,1,45.00,'2025-04-30 08:47:41','2025-04-30 08:47:41'),(14,'ce4c0f81-2934-4c13-84a4-1311237a875f',1,1,45.00,'2025-04-30 09:04:30','2025-04-30 09:04:30'),(15,'16f1ce15-41ae-4cc8-81df-6b95e8fecbc0',1,1,45.00,'2025-04-30 09:09:06','2025-04-30 09:09:06'),(16,'6a148018-ab8f-4aab-8170-69e143839969',1,1,45.00,'2025-04-30 09:16:24','2025-04-30 09:16:24'),(17,'78625ed0-dd75-4310-93ca-4a35ab6679e2',1,1,45.00,'2025-04-30 09:20:56','2025-04-30 09:20:56'),(18,'a6c36f53-54bc-406d-bcf3-668be9bd1493',1,1,45.00,'2025-04-30 09:22:07','2025-04-30 09:22:07'),(19,'bb25e23a-859c-4e05-81bc-a6eed9b615e2',1,1,45.00,'2025-04-30 09:25:39','2025-04-30 09:25:39'),(20,'fad2a1f8-6672-4f31-951c-e5633eadd43d',1,1,45.00,'2025-04-30 09:32:39','2025-04-30 09:32:39'),(22,'4546823e-b4df-40db-8b53-5977db1f1b62',1,1,45.00,'2025-04-30 09:41:13','2025-04-30 09:41:13'),(23,'e8f60d91-a81a-4220-9954-f398f07118f7',1,1,45.00,'2025-04-30 09:43:03','2025-04-30 09:43:03'),(24,'3ce25c66-802b-44ef-88e2-a0d34b136b2f',1,1,45.00,'2025-04-30 09:45:54','2025-04-30 09:45:54'),(25,'bf169603-0469-45db-99d6-4f0073224c00',1,1,45.00,'2025-04-30 09:47:34','2025-04-30 09:47:34'),(26,'37548e8e-fd9c-4bc0-9427-e377c80027a8',1,1,45.00,'2025-05-04 06:52:53','2025-05-04 06:52:53'),(27,'84d27215-b096-487c-877e-8bc52b564395',1,2,45.00,'2025-05-08 07:53:16','2025-05-08 07:53:16'),(28,'43d65052-4062-4cd5-b8a9-ba834250d4c8',1,1,45.00,'2025-05-18 08:48:27','2025-05-18 08:48:27'),(29,'3bded013-053c-4741-a2eb-92f0557fcc61',1,1,45.00,'2025-05-18 11:26:30','2025-05-18 11:26:30'),(30,'a9437215-a72b-4760-810c-485e586f443c',1,1,45.00,'2025-05-21 15:25:05','2025-05-21 15:25:05'),(31,'a9437215-a72b-4760-810c-485e586f443c',4,1,30.00,'2025-05-21 15:25:05','2025-05-21 15:25:05'),(32,'97a2ca2a-c2fd-4f63-9889-2d873fe2975d',3,1,30.00,'2025-05-21 15:27:15','2025-05-21 15:27:15'),(33,'cd075518-d4b6-4f87-ba2c-c73ed452522d',1,1,45.00,'2025-05-21 15:28:05','2025-05-21 15:28:05'),(34,'59d3193e-ccb2-46ef-8fa5-9e07bfa300c4',3,1,30.00,'2025-05-21 15:29:24','2025-05-21 15:29:24'),(35,'59d3193e-ccb2-46ef-8fa5-9e07bfa300c4',5,1,30.00,'2025-05-21 15:29:24','2025-05-21 15:29:24'),(36,'59d3193e-ccb2-46ef-8fa5-9e07bfa300c4',1,1,45.00,'2025-05-21 15:29:24','2025-05-21 15:29:24'),(37,'293737ff-3fe0-44ed-8f88-0b3831c0c612',3,1,30.00,'2025-05-21 15:30:48','2025-05-21 15:30:48'),(38,'293737ff-3fe0-44ed-8f88-0b3831c0c612',5,1,30.00,'2025-05-21 15:30:48','2025-05-21 15:30:48'),(39,'6b3e0fc0-7db6-44ce-afea-5c9cc199e039',2,1,30.00,'2025-05-21 15:31:30','2025-05-21 15:31:30'),(40,'6b3e0fc0-7db6-44ce-afea-5c9cc199e039',3,1,30.00,'2025-05-21 15:31:30','2025-05-21 15:31:30'),(41,'707ef1db-8b69-4c2b-90d1-cd91d13bea3a',2,1,30.00,'2025-05-22 06:35:40','2025-05-22 06:35:40'),(42,'0905fead-1969-4f09-b624-4ae72413a618',2,1,30.00,'2025-05-22 07:17:21','2025-05-22 07:17:21'),(43,'0905fead-1969-4f09-b624-4ae72413a618',4,1,30.00,'2025-05-22 07:17:21','2025-05-22 07:17:21'),(44,'fe3d0b81-e68a-4463-ba8b-7e372865dcaf',1,1,45.00,'2025-05-23 10:33:44','2025-05-23 10:33:44'),(45,'fe3d0b81-e68a-4463-ba8b-7e372865dcaf',3,1,30.00,'2025-05-23 10:33:44','2025-05-23 10:33:44'),(46,'1d63b35b-76af-4b3e-859e-88857d7c1e5d',1,1,45.00,'2025-05-23 10:37:31','2025-05-23 10:37:31'),(47,'1d63b35b-76af-4b3e-859e-88857d7c1e5d',4,1,30.00,'2025-05-23 10:37:31','2025-05-23 10:37:31');
/*!40000 ALTER TABLE `order_items` ENABLE KEYS */;
UNLOCK TABLES;

--
-- Table structure for table `orders`
--

DROP TABLE IF EXISTS `orders`;
/*!40101 SET @saved_cs_client     = @@character_set_client */;
/*!50503 SET character_set_client = utf8mb4 */;
CREATE TABLE `orders` (
  `order_id` varchar(36) NOT NULL,
  `user_id` int DEFAULT NULL,
  `total_amount` decimal(10,2) NOT NULL,
  `status` enum('pending_payment','paid','preparing','delivering','completed','cancelled') NOT NULL DEFAULT 'pending_payment',
  `delivery_address` varchar(255) NOT NULL,
  `alipay_trade_no` varchar(255) DEFAULT NULL,
  `paid_at` timestamp NULL DEFAULT NULL,
  `created_at` timestamp NULL DEFAULT CURRENT_TIMESTAMP,
  `updated_at` timestamp NULL DEFAULT CURRENT_TIMESTAMP ON UPDATE CURRENT_TIMESTAMP,
  PRIMARY KEY (`order_id`),
  KEY `user_id` (`user_id`),
  CONSTRAINT `orders_ibfk_1` FOREIGN KEY (`user_id`) REFERENCES `users` (`id`) ON DELETE CASCADE
) ENGINE=InnoDB DEFAULT CHARSET=utf8mb4 COLLATE=utf8mb4_0900_ai_ci;
/*!40101 SET character_set_client = @saved_cs_client */;

--
-- Dumping data for table `orders`
--

LOCK TABLES `orders` WRITE;
/*!40000 ALTER TABLE `orders` DISABLE KEYS */;
INSERT INTO `orders` VALUES ('0905fead-1969-4f09-b624-4ae72413a618',8,60.00,'completed','GXUST','2025052222001416870506602169','2025-05-22 07:18:37','2025-05-22 07:17:21','2025-05-22 07:19:07'),('16f1ce15-41ae-4cc8-81df-6b95e8fecbc0',8,45.00,'pending_payment','123',NULL,NULL,'2025-04-30 09:09:06','2025-04-30 09:09:06'),('1d63b35b-76af-4b3e-859e-88857d7c1e5d',8,75.00,'completed','GXUST','2025052322001416870506610907','2025-05-23 10:38:05','2025-05-23 10:37:31','2025-05-23 10:38:56'),('293737ff-3fe0-44ed-8f88-0b3831c0c612',8,60.00,'pending_payment','gxust',NULL,NULL,'2025-05-21 15:30:48','2025-05-21 15:30:48'),('2eb5ce66-9fdd-4c48-ab46-4a0c0d87be6b',8,45.00,'pending_payment','123',NULL,NULL,'2025-04-30 08:29:31','2025-04-30 08:29:31'),('37548e8e-fd9c-4bc0-9427-e377c80027a8',8,45.00,'delivering','GXUST','2025050422001416870506387955','2025-05-04 06:55:22','2025-05-04 06:52:52','2025-05-08 10:45:41'),('3bded013-053c-4741-a2eb-92f0557fcc61',8,45.00,'completed','GXUST','2025051822001416870506552931','2025-05-18 11:28:21','2025-05-18 11:26:30','2025-05-18 11:30:18'),('3ce25c66-802b-44ef-88e2-a0d34b136b2f',8,45.00,'completed','123','2025043022001416870506345442','2025-04-30 09:46:15','2025-04-30 09:45:54','2025-05-07 06:31:46'),('43d65052-4062-4cd5-b8a9-ba834250d4c8',8,45.00,'pending_payment','GXUST',NULL,NULL,'2025-05-18 08:48:27','2025-05-18 08:48:27'),('4546823e-b4df-40db-8b53-5977db1f1b62',8,45.00,'pending_payment','123',NULL,NULL,'2025-04-30 09:41:13','2025-04-30 09:41:13'),('53b0a797-e8fd-4a36-82e3-d8893cf31ac5',8,45.00,'pending_payment','123',NULL,NULL,'2025-04-30 08:41:23','2025-04-30 08:41:23'),('5573e8ef-f4c5-4170-a562-8a37d1b5ab39',8,45.00,'pending_payment','123',NULL,NULL,'2025-04-30 08:36:27','2025-04-30 08:36:27'),('59d3193e-ccb2-46ef-8fa5-9e07bfa300c4',8,105.00,'pending_payment','gxust',NULL,NULL,'2025-05-21 15:29:24','2025-05-21 15:29:24'),('6a148018-ab8f-4aab-8170-69e143839969',8,45.00,'pending_payment','123',NULL,NULL,'2025-04-30 09:16:24','2025-04-30 09:16:24'),('6b3e0fc0-7db6-44ce-afea-5c9cc199e039',8,60.00,'paid','gxust','2025052122001416870506598103','2025-05-21 15:31:57','2025-05-21 15:31:30','2025-05-21 15:31:57'),('7044d0e0-237f-4082-ba12-1cad7055a122',8,45.00,'pending_payment','123',NULL,NULL,'2025-04-30 08:33:33','2025-04-30 08:33:33'),('707ef1db-8b69-4c2b-90d1-cd91d13bea3a',8,30.00,'paid','GXUST','2025052222001416870506599652','2025-05-22 06:36:16','2025-05-22 06:35:40','2025-05-22 06:36:16'),('78625ed0-dd75-4310-93ca-4a35ab6679e2',8,45.00,'pending_payment','123',NULL,NULL,'2025-04-30 09:20:56','2025-04-30 09:20:56'),('7a80b869-786b-4f7a-b047-098f80e5603e',8,45.00,'pending_payment','123',NULL,NULL,'2025-04-30 08:37:15','2025-04-30 08:37:15'),('84d27215-b096-487c-877e-8bc52b564395',8,90.00,'paid','GXUST','2025050822001416870506439174','2025-05-08 07:55:32','2025-05-08 07:53:16','2025-05-08 07:55:32'),('8b20e559-0e79-4aa7-90db-2259ac0fa1f2',8,45.00,'pending_payment','123',NULL,NULL,'2025-04-30 08:33:16','2025-04-30 08:33:16'),('97a2ca2a-c2fd-4f63-9889-2d873fe2975d',8,30.00,'pending_payment','GXUST',NULL,NULL,'2025-05-21 15:27:15','2025-05-21 15:27:15'),('97f74153-7687-406e-a1ed-ad7212eb9db6',8,45.00,'pending_payment','123',NULL,NULL,'2025-04-30 08:47:41','2025-04-30 08:47:41'),('a6c36f53-54bc-406d-bcf3-668be9bd1493',8,45.00,'pending_payment','123',NULL,NULL,'2025-04-30 09:22:07','2025-04-30 09:22:07'),('a9437215-a72b-4760-810c-485e586f443c',8,75.00,'pending_payment','GXUST',NULL,NULL,'2025-05-21 15:25:05','2025-05-21 15:25:05'),('bb25e23a-859c-4e05-81bc-a6eed9b615e2',8,45.00,'pending_payment','123',NULL,NULL,'2025-04-30 09:25:39','2025-04-30 09:25:39'),('bf169603-0469-45db-99d6-4f0073224c00',8,45.00,'completed','123','2025043022001416870506340594','2025-04-30 09:47:55','2025-04-30 09:47:34','2025-05-07 06:33:40'),('c54b61e0-889d-4160-85f1-eabc266ca637',8,45.00,'pending_payment','123',NULL,NULL,'2025-04-30 08:45:05','2025-04-30 08:45:05'),('cd075518-d4b6-4f87-ba2c-c73ed452522d',8,45.00,'pending_payment','GXUST',NULL,NULL,'2025-05-21 15:28:05','2025-05-21 15:28:05'),('ce4c0f81-2934-4c13-84a4-1311237a875f',8,45.00,'pending_payment','123',NULL,NULL,'2025-04-30 09:04:30','2025-04-30 09:04:30'),('e8f60d91-a81a-4220-9954-f398f07118f7',8,45.00,'pending_payment','123',NULL,NULL,'2025-04-30 09:43:03','2025-04-30 09:43:03'),('fa575e4e-84d2-4ac4-96f1-7adcc6bf166e',8,45.00,'pending_payment','123',NULL,NULL,'2025-04-30 08:27:11','2025-04-30 08:27:11'),('fad2a1f8-6672-4f31-951c-e5633eadd43d',8,45.00,'pending_payment','123',NULL,NULL,'2025-04-30 09:32:39','2025-04-30 09:32:39'),('fe3d0b81-e68a-4463-ba8b-7e372865dcaf',8,75.00,'pending_payment','GXUST',NULL,NULL,'2025-05-23 10:33:44','2025-05-23 10:33:44');
/*!40000 ALTER TABLE `orders` ENABLE KEYS */;
UNLOCK TABLES;

--
-- Table structure for table `users`
--

DROP TABLE IF EXISTS `users`;
/*!40101 SET @saved_cs_client     = @@character_set_client */;
/*!50503 SET character_set_client = utf8mb4 */;
CREATE TABLE `users` (
  `id` int NOT NULL AUTO_INCREMENT,
  `username` varchar(255) NOT NULL,
  `password` varchar(255) NOT NULL,
  `email` varchar(255) DEFAULT NULL,
  `phone` varchar(20) DEFAULT NULL,
  `user_type` enum('admin','social_worker','elderly') NOT NULL DEFAULT 'elderly',
  `created_at` timestamp NULL DEFAULT CURRENT_TIMESTAMP,
  `first_name` varchar(255) DEFAULT NULL,
  `last_name` varchar(255) DEFAULT NULL,
  `date_of_birth` date DEFAULT NULL,
  `gender` varchar(50) DEFAULT NULL,
  `address` varchar(255) DEFAULT NULL,
  `city` varchar(255) DEFAULT NULL,
  `state` varchar(255) DEFAULT NULL,
  `zip_code` varchar(20) DEFAULT NULL,
  `emergency_contact_name` varchar(255) DEFAULT NULL,
  `emergency_contact_phone` varchar(20) DEFAULT NULL,
  `allergies` text,
  PRIMARY KEY (`id`),
  UNIQUE KEY `username` (`username`),
  UNIQUE KEY `email` (`email`)
) ENGINE=InnoDB AUTO_INCREMENT=14 DEFAULT CHARSET=utf8mb4 COLLATE=utf8mb4_0900_ai_ci;
/*!40101 SET character_set_client = @saved_cs_client */;

--
-- Dumping data for table `users`
--

LOCK TABLES `users` WRITE;
/*!40000 ALTER TABLE `users` DISABLE KEYS */;
INSERT INTO `users` VALUES (6,'testuser1','$2b$10$fkx7agZXrYwQJ0tSIemPt.kKqoEujw8Z732IrRSltun0VuK9J7dh6','test1@example.com','1234567890','elderly','2025-04-01 11:37:56','San','Zhang','2025-04-02','male','123 Main Street','Anytown','CA','91234','Jane Doe','555-123-4567','penicillin'),(8,'user1','$2b$10$RkeLHL.oIgwDhn2L8lXcruyloRG3.8p0dlaILGu7VS0F3gLgU.ELq','123@example.com','1234567890','elderly','2025-04-08 08:03:22','John','Doe','2025-04-01','male','123 Street','Liuzhou','Guangxi','12345','1234','12345','No'),(9,'user2','$2b$10$4H/HFeLEGhLT8TFlmfOvSOWh4HhM/5PtV9P77TBXJKd84FsVjbATG','user2@user.com','1234567890','admin','2025-04-08 08:18:01',NULL,NULL,NULL,NULL,NULL,NULL,NULL,NULL,NULL,NULL,NULL),(10,'swuser1','$2b$10$1eNgWhoVRmgO6o1upbD/i.eVFqeV8y4KsPQvxxLO87Tb7e2SgvDMm','123@123.com','1234567890','social_worker','2025-04-13 13:19:16',NULL,NULL,NULL,NULL,NULL,NULL,NULL,NULL,NULL,NULL,NULL),(13,'swuser2','$2b$10$KHCGduwWGeAwfvB52Tz1Dux6l7QlBwSkX1B6urM.fr1U/917fkOl.','123@qwe.com','1234567890','social_worker','2025-04-13 13:59:46',NULL,NULL,NULL,NULL,NULL,NULL,NULL,NULL,NULL,NULL,NULL);
/*!40000 ALTER TABLE `users` ENABLE KEYS */;
UNLOCK TABLES;
/*!40103 SET TIME_ZONE=@OLD_TIME_ZONE */;

/*!40101 SET SQL_MODE=@OLD_SQL_MODE */;
/*!40014 SET FOREIGN_KEY_CHECKS=@OLD_FOREIGN_KEY_CHECKS */;
/*!40014 SET UNIQUE_CHECKS=@OLD_UNIQUE_CHECKS */;
/*!40101 SET CHARACTER_SET_CLIENT=@OLD_CHARACTER_SET_CLIENT */;
/*!40101 SET CHARACTER_SET_RESULTS=@OLD_CHARACTER_SET_RESULTS */;
/*!40101 SET COLLATION_CONNECTION=@OLD_COLLATION_CONNECTION */;
/*!40111 SET SQL_NOTES=@OLD_SQL_NOTES */;

-- Dump completed on 2025-06-11 11:04:46
